,GSPC.Open,GSPC.High,GSPC.Low,GSPC.Close,GSPC.Volume,GSPC.Adjusted,GSPC.Return
1,2724.189941,2737.830078,2716.02002,2736.610107,2953420000,2736.610107,NA
2,2737.679932,2764.409912,2733.52002,2759.820068,2554780000,2759.820068,0.00848128161941339
3,2775.620117,2784.649902,2770.72998,2784.169922,3050040000,2784.169922,0.00882298606432195
4,2788.560059,2795.580078,2786.23999,2793.840088,3063850000,2793.840088,0.00347326717510595
5,2779.820068,2785.909912,2770.77002,2774.02002,2964740000,2774.02002,-0.00709420273734722
6,2783.139893,2799.219971,2781.530029,2798.290039,2821690000,2798.290039,0.00874904248167612
7,2796.929932,2804.530029,2791.689941,2801.310059,2.614e+09,2801.310059,0.00107923766225433
8,2797.360107,2801.189941,2793.389893,2798.429932,2812230000,2798.429932,-0.00102813574339859
9,2789.340088,2814.189941,2789.23999,2809.550049,3050730000,2809.550049,0.00397369856319845
10,2811.350098,2816.76001,2805.889893,2815.620117,3089780000,2815.620117,0.00216051249991453
11,2809.370117,2812.050049,2799.77002,2804.48999,3266700000,2804.48999,-0.00395299313739059
12,2804.550049,2809.699951,2800.01001,2801.830078,3230210000,2801.830078,-0.000948447671228834
13,2799.169922,2808.610107,2795.139893,2806.97998,2907430000,2806.97998,0.00183804936653268
14,2820.679932,2829.98999,2811.120117,2820.399902,3417530000,2820.399902,0.00478091119125119
15,2817.72998,2848.030029,2817.72998,2846.070068,3553010000,2846.070068,0.00910160505316876
16,2835.48999,2845.570068,2835.26001,2837.439941,3653330000,2837.439941,-0.00303229604113875
17,2842.350098,2843.169922,2808.340088,2818.820068,3415710000,2818.820068,-0.00656220867654308
18,2819,2821.73999,2798.110107,2802.600098,3245770000,2802.600098,-0.00575417004587613
19,2809.72998,2824.459961,2808.060059,2816.290039,3892100000,2816.290039,0.0048847286524287
20,2821.169922,2825.830078,2805.850098,2813.360107,3496990000,2813.360107,-0.00104035165392282
21,2800.47998,2829.909912,2796.340088,2827.219971,3467380000,2827.219971,0.00492644505959792
22,2829.620117,2840.379883,2827.370117,2840.350098,3030390000,2840.350098,0.0046441830259694
23,2840.290039,2853.290039,2835.97998,2850.399902,2874540000,2850.399902,0.00353822720906014
24,2855.919922,2863.429932,2855.919922,2858.449951,3162770000,2858.449951,0.00282418231713788
25,2856.790039,2862.439941,2853.090088,2857.699951,2972200000,2857.699951,-0.000262379965665524
26,2857.189941,2862.47998,2851.97998,2853.580078,3047050000,2853.580078,-0.00144167444820735
27,2838.899902,2842.199951,2825.810059,2833.280029,3256040000,2833.280029,-0.00711388797409454
28,2835.459961,2843.399902,2819.879883,2821.929932,3158450000,2821.929932,-0.00400599195414016
29,2827.879883,2843.110107,2826.580078,2839.959961,2976970000,2839.959961,0.00638925467126021
30,2827.949951,2827.949951,2802.48999,2818.370117,3645070000,2818.370117,-0.00760216492362023
31,2831.439941,2850.48999,2831.439941,2840.689941,3219880000,2840.689941,0.00791940840749418
32,2838.320068,2855.629883,2833.72998,2850.129883,3024100000,2850.129883,0.00332311593171512
33,2853.929932,2859.76001,2850.620117,2857.050049,2748020000,2857.050049,0.0024280177690414
34,2861.51001,2873.22998,2861.320068,2862.959961,3147140000,2862.959961,0.00206853639195737
35,2860.98999,2867.540039,2856.050049,2861.820068,2689560000,2861.820068,-0.000398151918129472
36,2860.290039,2868.780029,2854.030029,2856.97998,2713910000,2856.97998,-0.00169126216358614
37,2862.350098,2876.159912,2862.350098,2874.689941,2596190000,2874.689941,0.00619883972725634
38,2884.689941,2898.25,2884.689941,2896.73999,2854080000,2896.73999,0.00767040948852019
39,2901.449951,2903.77002,2893.5,2897.52002,2683190000,2897.52002,0.000269278569251187
40,2900.620117,2916.5,2898.399902,2914.040039,2791860000,2914.040039,0.00570143394557117
41,2908.939941,2912.459961,2895.219971,2901.129883,2802180000,2901.129883,-0.0044303289684483
42,2898.370117,2906.320068,2891.72998,2901.52002,2880260000,2901.52002,0.000134477605530861
43,2896.959961,2900.179932,2885.129883,2896.719971,3077060000,2896.719971,-0.00165432220591742
44,2891.590088,2894.209961,2876.919922,2888.600098,3241250000,2888.600098,-0.00280312666784873
45,2888.639893,2892.050049,2867.290039,2878.050049,3139590000,2878.050049,-0.0036523051450786
46,2868.26001,2883.810059,2864.120117,2871.679932,2946270000,2871.679932,-0.00221334476174703
47,2881.389893,2886.929932,2875.939941,2877.129883,2731400000,2877.129883,0.00189782675265081
48,2871.570068,2892.52002,2866.780029,2887.889893,2899660000,2887.889893,0.0037398415912946
49,2888.290039,2894.649902,2879.199951,2888.919922,3264930000,2888.919922,0.000356671839358113
50,2896.850098,2906.76001,2896.389893,2904.179932,3254930000,2904.179932,0.00528225441065028
51,2906.379883,2908.300049,2895.77002,2904.97998,3149800000,2904.97998,0.000275481553737305
52,2903.830078,2904.649902,2886.159912,2888.800049,2947760000,2888.800049,-0.00556972203298975
53,2890.73999,2911.169922,2890.429932,2904.310059,3074610000,2904.310059,0.00536901472477092
54,2906.600098,2912.360107,2903.820068,2907.949951,3280020000,2907.949951,0.00125327252464684
55,2919.72998,2934.800049,2919.72998,2930.75,3337730000,2930.75,0.00784059195797347
56,2936.76001,2940.909912,2927.110107,2929.669922,5607610000,2929.669922,-0.000368532969376425
57,2921.830078,2923.790039,2912.629883,2919.370117,3372210000,2919.370117,-0.00351568786731057
58,2921.75,2923.949951,2913.699951,2915.560059,3285480000,2915.560059,-0.00130509591018055
59,2916.97998,2931.149902,2903.280029,2905.969971,3388620000,2905.969971,-0.00328927815100101
60,2911.649902,2927.219971,2909.27002,2914,3060850000,2914,0.00276328698511524
61,2910.030029,2920.530029,2907.5,2913.97998,3432300000,2913.97998,-6.8702814001137e-06
62,2926.290039,2937.060059,2917.909912,2924.590088,3364190000,2924.590088,0.00364110531740848
63,2923.800049,2931.419922,2919.370117,2923.429932,3401880000,2923.429932,-0.000396690122407307
64,2931.689941,2939.860107,2921.360107,2925.51001,3598710000,2925.51001,0.000711519704040561
65,2919.350098,2919.780029,2883.919922,2901.610107,3496860000,2901.610107,-0.00816948255801729
66,2902.540039,2909.639893,2869.290039,2885.570068,3328980000,2885.570068,-0.00552797874576744
67,2877.530029,2889.449951,2862.080078,2884.429932,3330320000,2884.429932,-0.000395116380171706
68,2882.51001,2894.830078,2874.27002,2880.340088,3520500000,2880.340088,-0.0014179037440387
69,2873.899902,2874.02002,2784.860107,2785.679932,4501250000,2785.679932,-0.0328642289132352
70,2776.870117,2795.139893,2710.51001,2728.370117,4890630000,2728.370117,-0.0205730078110065
71,2770.540039,2775.77002,2729.439941,2767.129883,3966040000,2767.129883,0.0142061979635735
72,2763.830078,2775.98999,2749.030029,2750.790039,3300140000,2750.790039,-0.00590497905442919
73,2767.050049,2813.459961,2766.909912,2809.919922,3428340000,2809.919922,0.021495600231814
74,2811.669922,2816.939941,2781.810059,2809.209961,3321710000,2809.209961,-0.000252662360390219
75,2802,2806.040039,2755.179932,2768.780029,3616440000,2768.780029,-0.0143919224840026
76,2775.659912,2797.77002,2760.27002,2767.780029,3566490000,2767.780029,-0.000361169897762218
77,2773.939941,2778.939941,2749.219971,2755.879883,3307140000,2755.879883,-0.00429952737403755
78,2721.030029,2753.590088,2691.429932,2740.689941,4348580000,2740.689941,-0.0055118302120862
79,2737.870117,2742.590088,2651.889893,2656.100098,4709310000,2656.100098,-0.0308644337086653
80,2674.879883,2722.699951,2667.840088,2705.570068,4634770000,2705.570068,0.0186250397856806
81,2667.860107,2692.379883,2628.159912,2658.689941,4803150000,2658.689941,-0.0173272640596052
82,2682.649902,2706.850098,2603.540039,2641.25,4673700000,2641.25,-0.00655959942190193
83,2640.679932,2685.429932,2635.340088,2682.629883,5106380000,2682.629883,0.0156667801230478
84,2705.600098,2736.689941,2705.600098,2711.73999,5112420000,2711.73999,0.0108513318160185
85,2717.580078,2741.669922,2708.850098,2740.370117,4708420000,2740.370117,0.0105578437112623
86,2745.449951,2756.550049,2700.439941,2723.060059,4237930000,2723.060059,-0.00631668616316328
87,2726.370117,2744.27002,2717.939941,2738.310059,3623320000,2738.310059,0.00560031716876649
88,2738.399902,2756.820068,2737.080078,2755.449951,3510860000,2755.449951,0.0062592955621174
89,2774.129883,2815.149902,2774.129883,2813.889893,3914750000,2813.889893,0.0212088562809102
90,2806.379883,2814.75,2794.98999,2806.830078,3630490000,2806.830078,-0.00250891657756847
91,2794.100098,2794.100098,2764.23999,2781.01001,4019090000,2781.01001,-0.00919901357847712
92,2773.929932,2775.98999,2722,2726.219971,3670930000,2726.219971,-0.0197014893161064
93,2730.050049,2754.600098,2714.97998,2722.179932,4091440000,2722.179932,-0.00148191967008372
94,2737.899902,2746.800049,2685.75,2701.580078,4402370000,2701.580078,-0.00756741086724022
95,2693.52002,2735.379883,2670.75,2730.199951,4179140000,2730.199951,0.0105937533494057
96,2718.540039,2746.75,2712.159912,2736.27002,3975180000,2736.27002,0.00222330565853851
97,2730.73999,2733.159912,2681.090088,2690.72998,3772900000,2690.72998,-0.0166431089282628
98,2654.600098,2669.439941,2631.52002,2641.889893,4357900000,2641.889893,-0.0181512405046307
99,2657.73999,2670.72998,2649.820068,2649.929932,3233550000,2649.929932,0.00304329072203312
100,2633.360107,2647.550049,2631.090088,2632.560059,1651650000,2632.560059,-0.00655484237158317
101,2649.969971,2674.350098,2649.969971,2673.449951,3443950000,2673.449951,0.0155323681449199
102,2663.75,2682.530029,2655.889893,2682.169922,3485220000,2682.169922,0.00326169225525927
103,2691.449951,2744,2684.379883,2743.790039,3951670000,2743.790039,0.0229739795732449
104,2736.969971,2753.75,2722.939941,2737.800049,3560770000,2737.800049,-0.00218310800566327
105,2737.76001,2760.879883,2732.76001,2760.169922,4658580000,2760.169922,0.00817074753438289
106,2790.5,2800.179932,2773.379883,2790.370117,4186060000,2790.370117,0.0109414260184812
107,2782.429932,2785.929932,2697.179932,2700.060059,4499840000,2700.060059,-0.0323649029387882
108,2663.51001,2696.149902,2621.530029,2695.949951,5141470000,2695.949951,-0.00152222836166173
109,2691.26001,2708.540039,2623.139893,2633.080078,4216690000,2633.080078,-0.0233201187494894
110,2630.860107,2647.51001,2583.22998,2637.719971,4151030000,2637.719971,0.00176215415503973
111,2664.439941,2674.350098,2621.300049,2636.780029,3905870000,2636.780029,-0.000356346393981931
112,2658.22998,2685.439941,2650.26001,2651.070068,3958890000,2651.070068,0.00541950365325676
113,2658.699951,2670.189941,2637.27002,2650.540039,3927720000,2650.540039,-0.000199930211727626
114,2629.679932,2635.070068,2593.840088,2599.949951,4035020000,2599.949951,-0.0190867095971456
115,2590.75,2601.129883,2530.540039,2545.939941,4616350000,2545.939941,-0.0207734806507435
116,2559.899902,2573.98999,2528.709961,2546.159912,4470880000,2546.159912,8.64007027257627e-05
117,2547.050049,2585.290039,2488.959961,2506.959961,5127940000,2506.959961,-0.0153957144699559
118,2496.77002,2509.629883,2441.179932,2467.419922,5585780000,2467.419922,-0.0157721063020998
119,2465.379883,2504.409912,2408.550049,2416.620117,7609010000,2416.620117,-0.0205882284353219
120,2400.560059,2410.340088,2351.100098,2351.100098,2613930000,2351.100098,-0.0271122542343713
121,2363.120117,2467.76001,2346.580078,2467.699951,4233990000,2467.699951,0.0495937425629762
122,2442.5,2489.100098,2397.939941,2488.830078,4096610000,2488.830078,0.00856268080381378
123,2498.77002,2520.27002,2472.889893,2485.73999,3702620000,2485.73999,-0.0012415825521054
124,2498.939941,2509.23999,2482.820068,2506.850098,3442870000,2506.850098,0.00849248436478662
125,2476.959961,2519.48999,2467.469971,2510.030029,3733160000,2510.030029,0.00126849666940082
126,2491.919922,2493.139893,2443.959961,2447.889893,3822860000,2447.889893,-0.0247567301116141
127,2474.330078,2538.070068,2474.330078,2531.939941,4213410000,2531.939941,0.0343357142984045
128,2535.610107,2566.159912,2524.560059,2549.689941,4104710000,2549.689941,0.00701043484980515
129,2568.110107,2579.820068,2547.560059,2574.409912,4083030000,2574.409912,0.00969528514133946
130,2580,2595.320068,2568.889893,2584.959961,4052480000,2584.959961,0.00409804551746923
131,2573.51001,2597.820068,2562.02002,2596.639893,3704500000,2596.639893,0.00451841892184728
132,2588.110107,2596.27002,2577.399902,2596.26001,3434490000,2596.26001,-0.000146297914094345
133,2580.310059,2589.320068,2570.409912,2582.610107,3664450000,2582.610107,-0.00525752542019087
134,2585.100098,2613.080078,2585.100098,2610.300049,3572330000,2610.300049,0.0107216888546003
135,2614.75,2625.76001,2612.679932,2616.100098,3863770000,2616.100098,0.00222198555381475
136,2609.280029,2645.060059,2606.360107,2635.959961,3772270000,2635.959961,0.00759140027370624
137,2651.27002,2675.469971,2647.580078,2670.709961,3986730000,2670.709961,0.0131830530486574
138,2657.879883,2657.879883,2617.27002,2632.899902,3908030000,2632.899902,-0.0141573063163484
139,2643.47998,2653.189941,2612.860107,2638.699951,3335610000,2638.699951,0.00220291283979088
140,2638.840088,2647.199951,2627.01001,2642.330078,3433250000,2642.330078,0.00137572557221755
141,2657.439941,2672.379883,2657.330078,2664.76001,3814080000,2664.76001,0.00848869419712218
142,2644.969971,2644.969971,2624.060059,2643.850098,3612810000,2643.850098,-0.00784682745220275
143,2644.889893,2650.929932,2631.050049,2640,3504200000,2640,-0.00145624670737285
144,2653.620117,2690.439941,2648.340088,2681.050049,3867810000,2681.050049,0.0155492609848485
145,2685.48999,2708.949951,2678.649902,2704.100098,4917650000,2704.100098,0.00859739601228158
146,2702.320068,2716.659912,2696.879883,2706.530029,3759270000,2706.530029,0.000898609856120838
147,2706.48999,2724.98999,2698.75,2724.870117,3359840000,2724.870117,0.00677623665855877
148,2728.340088,2738.97998,2724.030029,2737.699951,3560430000,2737.699951,0.00470842038303293
149,2735.050049,2738.080078,2724.149902,2731.610107,3472690000,2731.610107,-0.00222443807173816
150,2717.530029,2719.320068,2687.26001,2706.050049,4099490000,2706.050049,-0.00935713992802269
151,2692.360107,2708.070068,2681.830078,2707.879883,3622330000,2707.879883,0.000676201092687225
152,2712.399902,2718.050049,2703.790039,2709.800049,3361970000,2709.800049,0.000709103092812437
153,2722.610107,2748.189941,2722.610107,2744.72998,3827770000,2744.72998,0.0128902245067456
154,2750.300049,2761.850098,2748.629883,2753.030029,3670770000,2753.030029,0.00302399473189707
155,2743.5,2757.899902,2731.22998,2745.72998,3836700000,2745.72998,-0.00265164161781831
156,2760.23999,2775.659912,2760.23999,2775.600098,3641370000,2775.600098,0.0108787529063582
157,2769.280029,2787.330078,2767.290039,2779.76001,3533710000,2779.76001,0.00149874328185734
158,2779.050049,2789.879883,2774.060059,2784.699951,3835450000,2784.699951,0.00177711060747294
159,2780.23999,2781.580078,2764.550049,2774.879883,3559710000,2774.879883,-0.00352643666204452
160,2780.669922,2794.199951,2779.110107,2792.669922,3427810000,2792.669922,0.00641110237203013
161,2804.350098,2813.48999,2794.98999,2796.110107,3804380000,2796.110107,0.00123186237403101
162,2792.360107,2803.120117,2789.469971,2793.899902,3645680000,2793.899902,-0.000790457069078453
163,2787.5,2795.76001,2775.129883,2792.379883,3767130000,2792.379883,-0.000544049197650907
164,2788.110107,2793.72998,2782.51001,2784.48999,4396930000,2784.48999,-0.0028255084661058
165,2798.219971,2808.02002,2787.379883,2803.689941,3972280000,2803.689941,0.00689532053228895
166,2814.370117,2816.879883,2767.659912,2792.810059,3919810000,2792.810059,-0.00388055820327965
167,2794.409912,2796.439941,2782.969971,2789.649902,3585690000,2789.649902,-0.00113153309148827
168,2790.27002,2790.27002,2768.689941,2771.449951,3786600000,2771.449951,-0.00652409859278466
169,2766.530029,2767.25,2739.090088,2748.929932,3904860000,2748.929932,-0.00812571736750084
170,2730.790039,2744.129883,2722.27002,2743.070068,3423130000,2743.070068,-0.00213168910992818
171,2747.610107,2784,2747.610107,2783.300049,3749030000,2783.300049,0.0146660420633484
172,2787.340088,2798.320068,2786.72998,2791.52002,3414230000,2791.52002,0.00295331831110099
173,2799.780029,2821.23999,2799.780029,2810.919922,3766150000,2810.919922,0.00694958368953417
174,2810.379883,2815,2803.459961,2808.47998,3469730000,2808.47998,-0.000868022593209958
175,2810.790039,2830.72998,2810.790039,2822.47998,5962730000,2822.47998,0.00498490290110596
176,2822.610107,2835.409912,2821.98999,2832.939941,3552190000,2832.939941,0.00370594692402389
177,2840.76001,2852.419922,2823.27002,2832.570068,3620220000,2832.570068,-0.000130561539497211
178,2831.340088,2843.540039,2812.429932,2824.22998,3771200000,2824.22998,-0.00294435364343472
179,2819.719971,2860.310059,2817.379883,2854.879883,3546800000,2854.879883,0.0108524812841198
180,2844.52002,2846.159912,2800.469971,2800.709961,4237200000,2800.709961,-0.0189745012820212
181,2796.01001,2809.790039,2785.02002,2798.360107,3376580000,2798.360107,-0.000839020831404131
182,2812.659912,2829.870117,2803.98999,2818.459961,3266050000,2818.459961,0.0071827260364815
183,2819.719971,2825.560059,2787.719971,2805.370117,3372930000,2805.370117,-0.00464432497928967
184,2809.399902,2819.709961,2798.77002,2815.439941,3158170000,2815.439941,0.00358948145165551
185,2828.27002,2836.030029,2819.22998,2834.399902,3740700000,2834.399902,0.00673428004053453
186,2848.629883,2869.399902,2848.629883,2867.189941,3500760000,2867.189941,0.0115686001036279
187,2868.23999,2872.899902,2858.75,2867.23999,3246900000,2867.23999,1.74557671552408e-05
188,2876.090088,2885.25,2865.169922,2873.399902,3550240000,2873.399902,0.00214837684375352
189,2873.98999,2881.280029,2867.139893,2879.389893,3015180000,2879.389893,0.00208463534638205
190,2884.159912,2893.23999,2882.98999,2892.73999,3146820000,2892.73999,0.00463643254164885
191,2888.459961,2895.949951,2880.780029,2895.77002,3054030000,2895.77002,0.00104746019707077
192,2886.580078,2886.879883,2873.330078,2878.199951,3007980000,2878.199951,-0.00606749461409227
193,2881.370117,2889.709961,2879.129883,2888.209961,3062380000,2888.209961,0.00347787164561729
194,2891.919922,2893.419922,2881.98999,2888.320068,2938540000,2888.320068,3.81229209395317e-05
195,2900.860107,2910.540039,2898.370117,2907.409912,3688490000,2907.409912,0.00660932429598037
196,2908.320068,2909.600098,2896.47998,2905.580078,3088330000,2905.580078,-0.00062936911387957
197,2912.26001,2916.060059,2900.709961,2907.060059,3402210000,2907.060059,0.000509358186754457
198,2916.040039,2918,2895.449951,2900.449951,3602300000,2900.449951,-0.00227381198387544
199,2904.810059,2908.399902,2891.899902,2905.030029,3506850000,2905.030029,0.00157909223650657
200,2898.780029,2909.51001,2896.350098,2907.969971,2997950000,2907.969971,0.00101201776596161
201,2909.98999,2936.310059,2908.530029,2933.679932,3635030000,2933.679932,0.00884120580899906
202,2934,2936.830078,2926.050049,2927.25,3448960000,2927.25,-0.00219176329696487
203,2928.98999,2933.100098,2912.840088,2926.169922,3425280000,2926.169922,-0.000368973610043542
204,2925.810059,2939.879883,2917.560059,2939.879883,3248500000,2939.879883,0.00468529216192252
205,2940.580078,2949.52002,2939.350098,2943.030029,3118780000,2943.030029,0.00107152200952693
206,2937.139893,2948.219971,2924.110107,2945.830078,3919330000,2945.830078,0.000951417067583018
207,2952.330078,2954.129883,2923.360107,2923.72998,3645850000,2923.72998,-0.00750216319843004
208,2922.159912,2931.679932,2900.5,2917.52002,3778890000,2917.52002,-0.00212398547146277
209,2929.209961,2947.850098,2929.209961,2945.639893,3338120000,2945.639893,0.00963827936303248
210,2908.889893,2937.320068,2898.209961,2932.469971,3181520000,2932.469971,-0.00447098847055167
211,2913.030029,2913.030029,2862.600098,2884.050049,3767100000,2884.050049,-0.016511651433378
212,2879.610107,2897.959961,2873.280029,2879.419922,3485790000,2879.419922,-0.00160542532942704
213,2859.840088,2875.969971,2836.399902,2870.719971,3638820000,2870.719971,-0.0030214248826747
214,2863.100098,2891.310059,2825.389893,2881.399902,3529600000,2881.399902,0.00372029703624482
215,2840.189941,2840.189941,2801.429932,2811.870117,3894030000,2811.870117,-0.0241305571474959
216,2820.120117,2852.540039,2820.120117,2834.409912,3322720000,2834.409912,0.00801594457145409
217,2820.379883,2858.679932,2815.080078,2850.959961,3125950000,2850.959961,0.00583897513550607
218,2855.800049,2892.149902,2855.800049,2876.320068,3338060000,2876.320068,0.00889528697242899
219,2858.600098,2885.47998,2854.22998,2859.530029,3257950000,2859.530029,-0.0058373333297621
220,2841.939941,2853.860107,2831.290039,2840.22998,3288870000,2840.22998,-0.00674937797619468
221,2854.02002,2868.879883,2854.02002,2864.360107,3218700000,2864.360107,0.00849583560835447
222,2856.060059,2865.469971,2851.110107,2856.27002,3192510000,2856.27002,-0.00282439592013213
223,2836.699951,2836.699951,2805.48999,2822.23999,3891980000,2822.23999,-0.0119141501894838
224,2832.409912,2841.360107,2820.189941,2826.060059,2887390000,2826.060059,0.00135355923434416
225,2830.030029,2840.51001,2801.580078,2802.389893,4121410000,2802.389893,-0.00837567691621372
226,2790.25,2792.030029,2766.060059,2783.02002,3700050000,2783.02002,-0.00691191223904407
227,2786.939941,2799,2776.73999,2788.860107,3273790000,2788.860107,0.00209847107028718
228,2766.149902,2768.97998,2750.52002,2752.060059,3981020000,2752.060059,-0.0131953725135343
229,2751.530029,2763.070068,2728.810059,2744.449951,3966700000,2744.449951,-0.00276524052413489
230,2762.639893,2804.48999,2762.639893,2803.27002,3810430000,2803.27002,0.0214323708029609
231,2818.090088,2827.280029,2800.919922,2826.149902,3548830000,2826.149902,0.00816185449020718
232,2828.51001,2852.100098,2822.449951,2843.48999,3396410000,2843.48999,0.00613558678813489
233,2852.870117,2884.969971,2852.870117,2873.340088,3220250000,2873.340088,0.0104976975846502
234,2885.830078,2904.77002,2885.51001,2886.72998,3209210000,2886.72998,0.0046600442655294
235,2903.27002,2910.610107,2878.530029,2885.719971,3548420000,2885.719971,-0.00034987997041555
236,2882.72998,2888.570068,2874.679932,2879.840088,3034130000,2879.840088,-0.00203757920348816
237,2886.23999,2895.23999,2881.98999,2891.639893,3069810000,2891.639893,0.00409738202102564
238,2886.820068,2894.449951,2879.620117,2886.97998,2922330000,2886.97998,-0.00161151221190458
239,2889.75,2897.27002,2887.300049,2889.669922,2810140000,2889.669922,0.000931749447046728
240,2906.709961,2930.790039,2905.439941,2917.75,3437620000,2917.75,0.00971739982695503
241,2920.550049,2931.73999,2911.429932,2926.459961,3287890000,2926.459961,0.00298516356781768
242,2949.600098,2958.060059,2931.5,2954.179932,3905940000,2954.179932,0.00947218529192786
243,2952.709961,2964.149902,2946.870117,2950.459961,5000120000,2950.459961,-0.00125922289285932
244,2951.419922,2954.919922,2944.050049,2945.350098,3136250000,2945.350098,-0.00173188691510602
245,2945.780029,2946.52002,2916.01001,2917.379883,3578050000,2917.379883,-0.00949639739567552
246,2926.070068,2932.590088,2912.98999,2913.780029,3478130000,2913.780029,-0.00123393392165927
247,2919.659912,2929.300049,2918.570068,2924.919922,3122920000,2924.919922,0.00382317569930741
248,2932.939941,2943.97998,2929.050049,2941.76001,5420700000,2941.76001,0.00575745266505793
249,2971.409912,2977.929932,2952.219971,2964.330078,3513270000,2964.330078,0.00767230090941375
250,2964.659912,2973.209961,2955.919922,2973.01001,3206840000,2973.01001,0.00292812600877978
251,2978.080078,2995.840088,2977.959961,2995.820068,1963720000,2995.820068,0.00767237847275194
252,2984.25,2994.030029,2967.969971,2990.409912,2434210000,2990.409912,-0.00180590151517735
253,2979.77002,2980.76001,2970.090088,2975.949951,2904550000,2975.949951,-0.0048354444459185
254,2965.52002,2981.899902,2963.439941,2979.629883,3028210000,2979.629883,0.00123655708617124
255,2989.300049,3002.97998,2984.620117,2993.070068,3154240000,2993.070068,0.00451068942377094
256,2999.620117,3002.330078,2988.800049,2999.909912,3154620000,2999.909912,0.00228522682216074
257,3003.360107,3013.919922,3001.870117,3013.77002,2974960000,3013.77002,0.0046201747407673
258,3017.800049,3017.800049,3008.77002,3014.300049,2874970000,3014.300049,0.000175869093023897
259,3012.129883,3015.02002,3001.149902,3004.040039,3290650000,3004.040039,-0.00340377859974615
260,3005.100098,3005.26001,2984.25,2984.419922,3181600000,2984.419922,-0.00653124350717082
261,2978.870117,2998.280029,2973.090088,2995.110107,3296580000,2995.110107,0.0035819976006714
262,3004.26001,3006.02002,2975.860107,2976.610107,3260360000,2976.610107,-0.00617673452363666
263,2981.929932,2990.709961,2976.649902,2985.030029,3003720000,2985.030029,0.00282869495746157
264,2994.73999,3005.899902,2988.560059,3005.469971,3313660000,3005.469971,0.00684748287334565
265,2998.77002,3019.590088,2996.820068,3019.560059,3428980000,3019.560059,0.00468814798881912
266,3016.26001,3016.310059,2997.23999,3003.669922,3645270000,3003.669922,-0.00526240137288816
267,3013.25,3027.97998,3012.590088,3025.860107,3257590000,3025.860107,0.00738769091685832
268,3024.469971,3025.610107,3014.300049,3020.969971,3203710000,3020.969971,-0.00161611436982403
269,3007.659912,3017.189941,3000.939941,3013.179932,3634330000,3013.179932,-0.0025786548938854
270,3016.219971,3017.399902,2958.080078,2980.379883,4623430000,2980.379883,-0.0108855261684386
271,2980.320068,3013.590088,2945.22998,2953.560059,4762300000,2953.560059,-0.00899879379571029
272,2943.899902,2945.5,2914.110107,2932.050049,3874660000,2932.050049,-0.00728274000538953
273,2898.070068,2898.070068,2822.120117,2844.73999,4513730000,2844.73999,-0.0297778201397953
274,2861.179932,2884.399902,2847.419922,2881.77002,4154240000,2881.77002,0.0130170174181718
275,2858.649902,2892.169922,2825.709961,2883.97998,4491750000,2883.97998,0.000766875907745108
276,2896.209961,2938.719971,2894.469971,2938.090088,4106370000,2938.090088,0.0187623036134945
277,2930.51001,2935.75,2900.149902,2918.649902,3350640000,2918.649902,-0.00661660650890151
278,2907.070068,2907.580078,2873.139893,2882.699951,2851630000,2882.699951,-0.0123173221205344
279,2880.719971,2943.310059,2877.050049,2926.320068,3853600000,2926.320068,0.0151316882580403
280,2894.149902,2894.149902,2839.639893,2840.600098,4312530000,2840.600098,-0.0292927526750639
281,2846.199951,2856.669922,2825.51001,2847.600098,4.038e+09,2847.600098,0.00246426802735399
282,2864.73999,2893.629883,2864.73999,2888.679932,3498150000,2888.679932,0.0144261246615536
283,2913.47998,2931,2913.47998,2923.649902,3212880000,2923.649902,0.0121058652475175
284,2919.01001,2923.629883,2899.600098,2900.51001,3066300000,2900.51001,-0.00791472740432112
285,2922.040039,2928.72998,2917.909912,2924.429932,3011190000,2924.429932,0.0082467986380092
286,2930.939941,2939.080078,2904.51001,2922.949951,2890880000,2922.949951,-0.000506075041773288
287,2911.070068,2927.01001,2834.969971,2847.110107,3937300000,2847.110107,-0.0259463368416739
288,2866.699951,2879.27002,2856,2878.379883,2857600000,2878.379883,0.0109829879508766
289,2893.139893,2898.790039,2860.590088,2869.159912,3533630000,2869.159912,-0.0032031807387392
290,2861.280029,2890.030029,2853.050049,2887.939941,3097420000,2887.939941,0.00654548006245809
291,2910.370117,2930.5,2905.669922,2924.580078,3176190000,2924.580078,0.0126872918926813
292,2937.090088,2940.429932,2913.320068,2926.459961,3008450000,2926.459961,0.000642787323260999
293,2909.01001,2914.389893,2891.850098,2906.27002,3426790000,2906.27002,-0.0068991003700939
294,2924.669922,2938.840088,2921.860107,2937.780029,3163260000,2937.780029,0.0108420789476403
295,2960.600098,2985.860107,2960.600098,2976,3890700000,2976,0.0130098137446355
296,2980.330078,2985.030029,2972.51001,2978.709961,3208280000,2978.709961,0.00091060517473119
297,2988.429932,2989.429932,2969.389893,2978.429932,4002890000,2978.429932,-9.40101599908717e-05
298,2971.01001,2979.389893,2957.01001,2979.389893,4390770000,2979.389893,0.00032230437576734
299,2981.409912,3000.929932,2975.310059,3000.929932,3927550000,3000.929932,0.0072296811674792
300,3009.080078,3020.73999,3000.919922,3009.570068,3791860000,3009.570068,0.00287915286120715
301,3012.209961,3017.330078,3002.899902,3007.389893,3520060000,3007.389893,-0.000724414102592664
302,2996.409912,3002.189941,2990.669922,2997.959961,4274640000,2997.959961,-0.00313558678306033
303,2995.669922,3006.209961,2993.72998,3005.699951,3671840000,3005.699951,0.00258175229178787
304,3001.5,3007.830078,2978.570068,3006.72998,3435540000,3006.72998,0.000342691891004397
305,3010.360107,3021.98999,3003.159912,3006.790039,3251290000,3006.790039,1.99748565383015e-05
306,3008.419922,3016.370117,2984.679932,2992.070068,6094740000,2992.070068,-0.00489557661461974
307,2983.5,2999.149902,2982.22998,2991.780029,3186590000,2991.780029,-9.69358983607796e-05
308,3002.429932,3007.97998,2957.72998,2966.600098,3868160000,2966.600098,-0.00841637110881327
309,2968.350098,2989.820068,2952.860107,2984.870117,3318870000,2984.870117,0.00615857156221265
310,2985.72998,2987.280029,2963.709961,2977.620117,3077240000,2977.620117,-0.00242891640701832
311,2985.469971,2987.310059,2945.530029,2961.790039,3243650000,2961.790039,-0.00531635244859543
312,2967.070068,2983.850098,2967.070068,2976.73999,3247610000,2976.73999,0.00504760661733053
313,2983.689941,2992.530029,2938.699951,2940.25,3558040000,2940.25,-0.0122583732951429
314,2924.780029,2924.780029,2874.929932,2887.610107,3912520000,2887.610107,-0.0179032031289856
315,2885.379883,2911.129883,2855.939941,2910.629883,3503640000,2910.629883,0.00797191280921088
316,2918.560059,2953.73999,2918.560059,2952.01001,2990830000,2952.01001,0.014216897600649
317,2944.22998,2959.75,2935.679932,2938.790039,2940140000,2938.790039,-0.00447829477380396
318,2920.399902,2925.469971,2892.659912,2893.060059,3356450000,2893.060059,-0.0155608190422344
319,2911.100098,2929.320068,2907.409912,2919.399902,2726820000,2919.399902,0.00910449228942198
320,2918.550049,2948.459961,2917.120117,2938.129883,3217250000,2938.129883,0.00641569556372478
321,2963.070068,2993.280029,2963.070068,2970.27002,3580460000,2970.27002,0.010938977608159
322,2965.810059,2972.840088,2962.939941,2966.149902,2557020000,2966.149902,-0.0013871190067763
323,2973.610107,3003.280029,2973.610107,2995.679932,3340740000,2995.679932,0.00995567687934064
324,2989.679932,2997.540039,2985.199951,2989.689941,3222570000,2989.689941,-0.00199954305398736
325,3000.77002,3008.290039,2991.790039,2997.949951,3115960000,2997.949951,0.00276283165244792
326,2996.840088,3000,2976.310059,2986.199951,3264290000,2986.199951,-0.00391934494973162
327,2996.47998,3007.330078,2995.350098,3006.719971,3271620000,3006.719971,0.00687161621348507
328,3010.72998,3014.570068,2995.040039,2995.98999,3523890000,2995.98999,-0.00356866655474779
329,2994.01001,3004.780029,2991.209961,3004.52002,3392870000,3004.52002,0.00284714903202994
330,3014.780029,3016.070068,3000.419922,3010.290039,3692600000,3010.290039,0.00192044618161674
331,3003.320068,3027.389893,3001.939941,3022.550049,3370370000,3022.550049,0.00407270058405158
332,3032.120117,3044.080078,3032.120117,3039.419922,3521230000,3039.419922,0.00558133785264579
333,3035.389893,3047.870117,3034.810059,3036.889893,3589930000,3036.889893,-0.000832405217089978
334,3039.73999,3050.100098,3025.959961,3046.77002,3776030000,3046.77002,0.00325337017412896
335,3046.899902,3046.899902,3023.189941,3037.560059,4139280000,3037.560059,-0.00302286058335313
336,3050.719971,3066.949951,3050.719971,3066.909912,3930200000,3066.909912,0.00966231199710418
337,3078.959961,3085.199951,3074.870117,3078.27002,4146850000,3078.27002,0.00370408923834078
338,3080.800049,3083.949951,3072.149902,3074.620117,4486130000,3074.620117,-0.00118569942736862
339,3075.100098,3078.340088,3065.889893,3076.780029,4458190000,3076.780029,0.000702497192436108
340,3087.02002,3097.77002,3080.22998,3085.179932,4144640000,3085.179932,0.00273009539870489
341,3081.25,3093.090088,3073.580078,3093.080078,3499150000,3093.080078,0.00256067593272545
342,3080.330078,3088.330078,3075.820068,3087.01001,3035530000,3087.01001,-0.00196246713532387
343,3089.280029,3102.610107,3084.72998,3091.840088,3466010000,3091.840088,0.00156464604402107
344,3084.179932,3098.060059,3078.800049,3094.040039,3509280000,3094.040039,0.000711534535223367
345,3090.75,3098.199951,3083.26001,3096.629883,3276070000,3096.629883,0.000837042820181838
346,3107.919922,3120.459961,3104.600098,3120.459961,3335650000,3120.459961,0.00769548796607023
347,3117.909912,3124.169922,3112.060059,3122.030029,3436690000,3122.030029,0.000503152746589589
348,3127.449951,3127.639893,3113.469971,3120.179932,3590070000,3120.179932,-0.000592594236062681
349,3114.659912,3118.969971,3091.409912,3108.459961,4034890000,3108.459961,-0.00375618434046129
350,3108.48999,3110.110107,3094.550049,3103.540039,3720560000,3103.540039,-0.00158275225086615
351,3111.409912,3112.870117,3099.26001,3110.290039,3226780000,3110.290039,0.00217493569123566
352,3117.439941,3133.830078,3117.439941,3133.639893,3511530000,3133.639893,0.00750729150889971
353,3134.850098,3142.689941,3131,3140.52002,4595590000,3140.52002,0.00219557040212849
354,3145.48999,3154.26001,3143.409912,3153.629883,3033090000,3153.629883,0.0041744242725764
355,3147.179932,3150.300049,3139.340088,3140.97998,1743020000,3140.97998,-0.00401121991778133
356,3143.850098,3144.310059,3110.780029,3113.870117,3268740000,3113.870117,-0.00863102062815444
357,3087.409912,3094.969971,3070.330078,3093.199951,3653390000,3093.199951,-0.00663809511101708
358,3103.5,3119.379883,3102.530029,3112.76001,3695030000,3112.76001,0.00632356760308248
359,3119.209961,3119.449951,3103.76001,3117.429932,3355750000,3117.429932,0.00150025121917447
360,3134.620117,3150.600098,3134.620117,3145.909912,3479480000,3145.909912,0.00913572417703984
361,3141.860107,3148.870117,3135.459961,3135.959961,3345990000,3135.959961,-0.00316282133892207
362,3135.360107,3142.120117,3126.090088,3132.52002,3343790000,3132.52002,-0.00109693396688112
363,3135.75,3143.97998,3133.209961,3141.629883,3252540000,3141.629883,0.00290815795009672
364,3141.22998,3176.280029,3138.469971,3168.570068,3990690000,3168.570068,0.0085752256005008
365,3166.649902,3182.679932,3156.51001,3168.800049,3736870000,3168.800049,7.25819518156076e-05
366,3183.629883,3197.709961,3183.629883,3191.449951,4051790000,3191.449951,0.0071477851709665
367,3195.399902,3198.219971,3191.030029,3192.52002,3837540000,3192.52002,0.000335292427087752
368,3195.209961,3198.47998,3191.139893,3191.139893,4014080000,3191.139893,-0.000432300186484
369,3192.320068,3205.47998,3192.320068,3205.370117,3720450000,3205.370117,0.00445929181331566
370,3223.330078,3225.649902,3216.030029,3221.219971,6454270000,3221.219971,0.00494478123319949
371,3226.050049,3227.780029,3222.300049,3224.01001,3060610000,3224.01001,0.000866143580729706
372,3225.449951,3226.429932,3220.51001,3223.379883,1296540000,3223.379883,-0.000195448214504738
373,3227.199951,3240.080078,3227.199951,3239.909912,2160680000,3239.909912,0.00512816658290226
374,3247.22998,3247.929932,3234.370117,3240.02002,2428670000,3240.02002,3.39848955651624e-05
375,3240.090088,3240.919922,3216.570068,3221.290039,3013290000,3221.290039,-0.00578082261355902
376,3215.179932,3231.719971,3212.030029,3230.780029,2893810000,3230.780029,0.00294602158920966
377,3244.669922,3258.139893,3235.530029,3257.850098,3458250000,3257.850098,0.00837880287639969
378,3226.360107,3246.149902,3222.340088,3234.850098,3461290000,3234.850098,-0.00705987056130045
379,3217.550049,3246.840088,3214.639893,3246.280029,3674070000,3246.280029,0.00353337269231328
380,3241.860107,3244.909912,3232.429932,3237.179932,3420380000,3237.179932,-0.00280323845099809
381,3238.590088,3267.070068,3236.669922,3253.050049,3720890000,3253.050049,0.00490245131051305
382,3266.030029,3275.580078,3263.669922,3274.699951,3638390000,3274.699951,0.00665526249946735
383,3281.810059,3282.98999,3260.860107,3265.350098,3212970000,3265.350098,-0.0028551785323553
384,3271.129883,3288.129883,3268.429932,3288.129883,3456380000,3288.129883,0.00697621520398459
385,3285.350098,3294.25,3277.189941,3283.149902,3665130000,3283.149902,-0.00151453293428189
386,3282.27002,3298.659912,3280.689941,3289.290039,3716840000,3289.290039,0.00187019697037271
387,3302.969971,3317.110107,3302.820068,3316.810059,3535080000,3316.810059,0.00836655316913509
388,3323.659912,3329.879883,3318.860107,3329.620117,3698170000,3329.620117,0.00386216206901585
389,3321.030029,3329.790039,3316.610107,3320.790039,4105340000,3320.790039,-0.00265197760997308
390,3330.02002,3337.77002,3320.040039,3321.75,3619850000,3321.75,0.000289076089944276
391,3315.77002,3326.879883,3301.870117,3325.540039,3764860000,3325.540039,0.00114097659366297
392,3333.100098,3333.179932,3281.530029,3295.469971,3707130000,3295.469971,-0.00904216086631215
393,3247.159912,3258.850098,3234.5,3243.629883,3823100000,3243.629883,-0.0157307116909547
394,3255.350098,3285.780029,3253.219971,3276.23999,3526720000,3276.23999,0.0100535844644023
395,3289.459961,3293.469971,3271.889893,3273.399902,3584500000,3273.399902,-0.000866874224314661
396,3256.449951,3285.909912,3242.800049,3283.659912,3787250000,3283.659912,0.00313435886453447
397,3282.330078,3282.330078,3214.679932,3225.52002,4527830000,3225.52002,-0.0177058202000549
398,3235.659912,3268.439941,3235.659912,3248.919922,3757910000,3248.919922,0.00725461378472551
399,3280.610107,3306.919922,3280.610107,3297.590088,3995320000,3297.590088,0.0149804141586965
400,3324.909912,3337.580078,3313.75,3334.689941,4117730000,3334.689941,0.0112505957411163
401,3344.919922,3347.959961,3334.389893,3345.780029,3868370000,3345.780029,0.00332567290999002
402,3335.540039,3341.419922,3322.120117,3327.709961,3730650000,3327.709961,-0.00540085356579788
403,3318.280029,3352.26001,3317.77002,3352.090088,3450350000,3352.090088,0.00732639781883921
404,3365.870117,3375.629883,3352.719971,3357.75,3760550000,3357.75,0.00168847252055121
405,3370.5,3381.469971,3369.719971,3379.449951,3926380000,3379.449951,0.00646264641501007
406,3365.899902,3385.090088,3360.52002,3373.939941,3498240000,3373.939941,-0.00163044580623824
407,3378.080078,3380.689941,3366.149902,3380.159912,3398040000,3380.159912,0.00184353340864641
408,3369.040039,3375.01001,3355.610107,3370.290039,3746720000,3370.290039,-0.00291994262311697
409,3380.389893,3393.52002,3378.830078,3386.149902,3600150000,3386.149902,0.00470578579780211
410,3380.449951,3389.149902,3341.02002,3373.22998,4007320000,3373.22998,-0.00381551980093055
411,3360.5,3360.76001,3328.449951,3337.75,3899270000,3337.75,-0.0105181028896227
412,3257.610107,3259.810059,3214.649902,3225.889893,4842960000,3225.889893,-0.0335136265448281
413,3238.939941,3246.98999,3118.77002,3128.209961,5591510000,3128.209961,-0.0302799956724995
414,3139.899902,3182.51001,3108.98999,3116.389893,5478110000,3116.389893,-0.00377854049036448
415,3062.540039,3097.070068,2977.389893,2978.76001,7058840000,2978.76001,-0.0441632426382664
416,2916.899902,2959.719971,2855.840088,2954.219971,8563850000,2954.219971,-0.0082383404227318
417,2974.280029,3090.959961,2945.189941,3090.22998,6376400000,3090.22998,0.0460392287423204
418,3096.459961,3136.719971,2976.629883,3003.370117,6355940000,3003.370117,-0.0281078960343269
419,3045.75,3130.969971,3034.379883,3130.120117,5035480000,3130.120117,0.042202590777126
420,3075.699951,3083.040039,2999.830078,3023.939941,5575550000,3023.939941,-0.0339220771188059
421,2954.199951,2985.929932,2901.540039,2972.370117,6552140000,2972.370117,-0.0170538519303218
422,2863.889893,2863.889893,2734.429932,2746.560059,8423050000,2746.560059,-0.0759696972824869
423,2813.47998,2882.590088,2734,2882.22998,7635960000,2882.22998,0.0493963059556748
424,2825.600098,2825.600098,2707.219971,2741.379883,7374110000,2741.379883,-0.0488684449115334
425,2630.860107,2660.949951,2478.860107,2480.639893,8829380000,2480.639893,-0.095112680886336
426,2569.98999,2711.330078,2492.370117,2711.02002,8258670000,2711.02002,0.0928712497328204
427,2508.590088,2562.97998,2380.939941,2386.129883,7781540000,2386.129883,-0.119840552486957
428,2425.659912,2553.929932,2367.040039,2529.189941,8358500000,2529.189941,0.0599548494904793
429,2436.5,2453.570068,2280.52002,2398.100098,8755780000,2398.100098,-0.0518307624409456
430,2393.47998,2466.969971,2319.780029,2409.389893,7946710000,2409.389893,0.00470780807248862
431,2431.939941,2453.01001,2295.560059,2304.919922,9044690000,2304.919922,-0.0433595124240857
432,2290.709961,2300.72998,2191.860107,2237.399902,7402180000,2237.399902,-0.029293868023585
433,2344.439941,2449.709961,2344.439941,2447.330078,7547350000,2447.330078,0.0938277398744607
434,2457.77002,2571.419922,2407.530029,2475.560059,8285670000,2475.560059,0.0115350116658845
435,2501.290039,2637.01001,2500.719971,2630.070068,7753160000,2630.070068,0.0624141629843609
436,2555.870117,2615.909912,2520.02002,2541.469971,6194330000,2541.469971,-0.0336873523173376
437,2558.97998,2631.800049,2545.280029,2626.649902,5746220000,2626.649902,0.0335160092277164
438,2614.689941,2641.389893,2571.149902,2584.590088,6568290000,2584.590088,-0.0160127217441406
439,2498.080078,2522.75,2447.48999,2470.5,5947900000,2470.5,-0.0441424303721155
440,2458.540039,2533.219971,2455.790039,2526.899902,6454990000,2526.899902,0.0228293470957297
441,2514.919922,2538.179932,2459.959961,2488.649902,6087190000,2488.649902,-0.0151371251270087
442,2578.280029,2676.850098,2574.570068,2663.679932,6391860000,2663.679932,0.0703313189449979
443,2738.649902,2756.889893,2657.669922,2659.409912,7040720000,2659.409912,-0.00160305296019324
444,2685,2760.75,2663.300049,2749.97998,5856370000,2749.97998,0.0340564527458977
445,2776.98999,2818.570068,2762.360107,2789.820068,7880140000,2789.820068,0.0144874101956189
446,2782.459961,2782.459961,2721.169922,2761.629883,5274310000,2761.629883,-0.0101046606278839
447,2805.100098,2851.850098,2805.100098,2846.060059,5567400000,2846.060059,0.0305725892233908
448,2795.639893,2801.879883,2761.540039,2783.360107,5203390000,2783.360107,-0.0220304388172435
449,2799.340088,2806.51001,2764.320068,2799.550049,5179990000,2799.550049,0.00581668967636748
450,2842.429932,2879.219971,2830.879883,2874.560059,5792140000,2874.560059,0.0267935949302973
451,2845.620117,2868.97998,2820.429932,2823.159912,5220160000,2823.159912,-0.0178810482108629
452,2784.810059,2785.540039,2727.100098,2736.560059,5075830000,2736.560059,-0.0306747955126108
453,2787.889893,2815.100098,2775.949951,2799.310059,5049660000,2799.310059,0.0229302477004397
454,2810.419922,2844.899902,2794.26001,2797.800049,5756520000,2797.800049,-0.000539422203390855
455,2812.639893,2842.709961,2791.76001,2836.73999,5374480000,2836.73999,0.0139180571584871
456,2854.649902,2887.719971,2852.889893,2878.47998,5194260000,2878.47998,0.014714069723394
457,2909.959961,2921.149902,2860.709961,2863.389893,5672880000,2863.389893,-0.00524238038994457
458,2918.459961,2954.860107,2912.159912,2939.51001,6620140000,2939.51001,0.0265839162127684
459,2930.909912,2930.909912,2892.469971,2912.429932,6523120000,2912.429932,-0.009212446260729
460,2869.090088,2869.090088,2821.610107,2830.709961,4753160000,2830.709961,-0.0280590341769637
461,2815.01001,2844.23999,2797.850098,2842.73999,4723140000,2842.73999,0.00424982748700619
462,2868.879883,2898.22998,2863.550049,2868.439941,5129590000,2868.439941,0.00904055632608174
463,2883.139893,2891.110107,2847.649902,2848.419922,4861920000,2848.419922,-0.00697941020616964
464,2878.26001,2901.919922,2876.47998,2881.189941,5164640000,2881.189941,0.0115046306013022
465,2908.830078,2932.159912,2902.879883,2929.800049,4857160000,2929.800049,0.0168715388417358
466,2915.459961,2944.25,2903.439941,2930.189941,4807320000,2930.189941,0.00013307802357817
467,2939.5,2945.820068,2869.590088,2870.120117,5107710000,2870.120117,-0.0205003174570655
468,2865.860107,2874.139893,2793.149902,2820,6143130000,2820,-0.0174627245400405
469,2794.540039,2852.800049,2766.639893,2852.5,5641920000,2852.5,0.0115248226950355
470,2829.949951,2865.01001,2816.780029,2863.699951,5477040000,2863.699951,0.00392636319018407
471,2913.860107,2968.090088,2913.860107,2953.909912,6364290000,2953.909912,0.0315011916553963
472,2948.590088,2964.209961,2922.350098,2922.939941,4969330000,2922.939941,-0.0104843992953838
473,2953.629883,2980.290039,2953.629883,2971.610107,4992970000,2971.610107,0.0166511002560486
474,2969.949951,2978.5,2938.570068,2948.51001,4966940000,2948.51001,-0.00777359618800085
475,2948.050049,2956.76001,2933.590088,2955.449951,3952800000,2955.449951,0.00235371118851996
476,3004.080078,3021.719971,2988.169922,2991.77002,5837060000,2991.77002,0.0122891842535553
477,3015.649902,3036.25,2969.75,3036.129883,6371230000,3036.129883,0.0148272971195828
478,3046.610107,3068.669922,3023.399902,3029.72998,5402670000,3029.72998,-0.00210791476209056
479,3025.169922,3049.169922,2998.610107,3044.310059,7275080000,3044.310059,0.00481233611452062
480,3038.780029,3062.179932,3031.540039,3055.72998,4673410000,3055.72998,0.00375123452561576
481,3064.780029,3081.070068,3051.639893,3080.820068,5187230000,3080.820068,0.00821083281710641
482,3098.899902,3130.939941,3098.899902,3122.870117,5989560000,3122.870117,0.0136489791912119
483,3111.560059,3128.909912,3090.409912,3112.350098,6428130000,3112.350098,-0.00336870206120072
484,3163.840088,3211.719971,3163.840088,3193.929932,8617590000,3193.929932,0.0262116508205242
485,3199.919922,3233.129883,3196,3232.389893,8437380000,3232.389893,0.0120415794393826
486,3213.320068,3222.709961,3193.110107,3207.179932,6382620000,3207.179932,-0.00779917084092925
487,3213.419922,3223.27002,3181.48999,3190.139893,6570840000,3190.139893,-0.00531309105235446
488,3123.530029,3123.530029,2999.48999,3002.100098,7018890000,3002.100098,-0.0589440592911328
489,3071.040039,3088.419922,2984.469971,3041.310059,5832250000,3041.310059,0.013060843982558
490,2993.76001,3079.76001,2965.659912,3066.590088,5740660000,3066.590088,0.00831221694256068
491,3131,3153.449951,3076.060059,3124.73999,5829240000,3124.73999,0.0189623980810311
492,3136.129883,3141.159912,3108.030029,3113.48999,4549390000,3113.48999,-0.00360029955644405
493,3101.639893,3120,3093.51001,3115.340088,4429030000,3115.340088,0.000594219992979611
494,3140.290039,3155.530029,3083.110107,3097.73999,8327780000,3097.73999,-0.00564949491960567
495,3094.419922,3120.919922,3079.389893,3117.860107,4665380000,3117.860107,0.00649509547765497
496,3138.699951,3154.899902,3127.120117,3131.290039,4704830000,3131.290039,0.00430741968501026
497,3114.399902,3115.01001,3032.129883,3050.330078,5587200000,3050.330078,-0.0258551459595404
498,3046.600098,3086.25,3024.01001,3083.76001,4815420000,3083.76001,0.010959447386074
499,3073.199951,3073.72998,3004.629883,3009.050049,8098120000,3009.050049,-0.0242269050632121
500,3018.590088,3053.889893,2999.73999,3053.23999,4462770000,3053.23999,0.0146856782972705
501,3050.199951,3111.51001,3047.830078,3100.290039,4696280000,3100.290039,0.0154098757890302
502,3105.919922,3128.439941,3101.169922,3115.860107,4443130000,3115.860107,0.00502213270504915
503,3143.639893,3165.810059,3124.52002,3130.01001,4190830000,3130.01001,0.00454125105559497
504,3155.290039,3182.590088,3155.290039,3179.719971,4736450000,3179.719971,0.0158817258862377
505,3166.439941,3184.149902,3142.929932,3145.320068,4563700000,3145.320068,-0.0108185322335732
506,3153.070068,3171.800049,3136.530029,3169.939941,4927700000,3169.939941,0.00782746190140675
507,3176.169922,3179.780029,3115.699951,3152.050049,4829020000,3152.050049,-0.00564360597770712
508,3152.469971,3186.820068,3136.219971,3185.040039,4515340000,3185.040039,0.0104662011983173
509,3205.080078,3235.320068,3149.429932,3155.219971,4890780000,3155.219971,-0.00936254101513981
510,3141.110107,3200.949951,3127.659912,3197.52002,4476170000,3197.52002,0.0134063708358798
511,3225.97998,3238.280029,3200.76001,3226.560059,4669760000,3226.560059,0.00908205072004521
512,3208.360107,3220.389893,3198.590088,3215.570068,3961230000,3215.570068,-0.00340610148239609
513,3224.209961,3233.52002,3205.649902,3224.72998,3993830000,3224.72998,0.00284861216092153
514,3224.290039,3258.610107,3215.159912,3251.840088,3971200000,3251.840088,0.00840693892764313
515,3268.52002,3277.290039,3247.77002,3257.300049,4547960000,3257.300049,0.00167903736107703
516,3254.860107,3279.320068,3253.100098,3276.02002,4255190000,3276.02002,0.00574708215957786
517,3271.639893,3279.98999,3222.659912,3235.659912,4290460000,3235.659912,-0.0123198599989019
518,3218.580078,3227.26001,3200.050049,3215.629883,3894900000,3215.629883,-0.00619039996314669
519,3219.840088,3241.429932,3214.25,3239.409912,3963910000,3239.409912,0.00739513870228579
520,3234.27002,3243.719971,3216.169922,3218.439941,4027890000,3218.439941,-0.00647339224416128
521,3227.219971,3264.73999,3227.219971,3258.439941,4676300000,3258.439941,0.0124283816797189
522,3231.76001,3250.919922,3204.129883,3246.219971,4254010000,3246.219971,-0.00375025172207098
523,3270.449951,3272.169922,3220.26001,3271.120117,5117260000,3271.120117,0.00767050484022789
524,3288.26001,3302.72998,3284.530029,3294.610107,4643640000,3294.610107,0.00718102336808809
525,3289.919922,3306.840088,3286.370117,3306.51001,4621670000,3306.51001,0.00361193058162375
526,3317.370117,3330.77002,3317.370117,3327.77002,4732220000,3327.77002,0.00642974312362658
527,3323.169922,3351.030029,3318.139893,3349.159912,4267490000,3349.159912,0.00642769538503149
528,3340.050049,3352.540039,3328.719971,3351.280029,4104860000,3351.280029,0.000633029492680712
529,3356.040039,3363.290039,3335.439941,3360.469971,4318570000,3360.469971,0.00274221847189004
530,3370.340088,3381.01001,3326.439941,3333.689941,5087650000,3333.689941,-0.00796913236276614
531,3355.459961,3387.889893,3355.459961,3380.350098,3768560000,3380.350098,0.0139965497169192
532,3372.949951,3387.23999,3363.350098,3373.429932,3648810000,3373.429932,-0.0020471743456674
533,3368.659912,3378.51001,3361.639893,3372.850098,3193400000,3372.850098,-0.000171882627381667
534,3380.860107,3387.590088,3379.219971,3381.98999,3671290000,3381.98999,0.00270984233939713
535,3387.040039,3395.060059,3370.149902,3389.780029,3881310000,3389.780029,0.0023033891356964
536,3392.51001,3399.540039,3369.659912,3374.850098,3884480000,3374.850098,-0.0044043952328094
537,3360.47998,3390.800049,3354.689941,3385.51001,3642850000,3385.51001,0.0031586327364043
538,3386.01001,3399.959961,3379.310059,3397.159912,3705420000,3397.159912,0.00344110694270259
539,3418.090088,3432.090088,3413.129883,3431.280029,3728690000,3431.280029,0.0100437182481388
540,3435.949951,3444.209961,3425.840088,3443.620117,3619300000,3443.620117,0.00359635118547765
541,3449.969971,3481.070068,3444.149902,3478.72998,3754360000,3478.72998,0.0101956260583665
542,3485.139893,3501.379883,3468.350098,3484.550049,3929560000,3484.550049,0.00167304419528413
543,3494.689941,3509.22998,3484.320068,3508.01001,3855880000,3508.01001,0.00673256537289013
544,3509.72998,3514.77002,3493.25,3500.310059,4342290000,3500.310059,-0.00219496266488705
545,3507.439941,3528.030029,3494.600098,3526.649902,4083110000,3526.649902,0.00752500280147331
546,3543.76001,3588.110107,3535.22998,3580.840088,4285190000,3580.840088,0.0153659102847912
547,3564.73999,3564.850098,3427.409912,3455.060059,4898680000,3455.060059,-0.0351258436313619
548,3453.600098,3479.149902,3349.629883,3426.959961,4431440000,3426.959961,-0.00813302736281028
549,3371.879883,3379.969971,3329.27002,3331.840088,4665600000,3331.840088,-0.0277563420881765
550,3369.820068,3424.77002,3366.840088,3398.959961,3920830000,3398.959961,0.0201449863220447
551,3412.560059,3425.550049,3329.25,3339.189941,4192250000,3339.189941,-0.0175847967277658
552,3352.699951,3368.949951,3310.469971,3340.969971,3704450000,3340.969971,0.000533072401226396
553,3363.560059,3402.929932,3363.560059,3383.540039,3832130000,3383.540039,0.0127418289806592
554,3407.72998,3419.47998,3389.25,3401.199951,4051460000,3401.199951,0.0052193595454598
555,3411.22998,3428.919922,3384.449951,3385.48999,4710030000,3385.48999,-0.00461894661482077
556,3346.860107,3375.169922,3328.820068,3357.01001,4371940000,3357.01001,-0.0084123657385264
557,3357.379883,3362.27002,3292.399902,3319.469971,7068700000,3319.469971,-0.011182581788012
558,3285.570068,3285.570068,3229.100098,3281.060059,4828350000,3281.060059,-0.0115710978968215
559,3295.75,3320.310059,3270.949951,3315.570068,3963300000,3315.570068,0.0105179449261645
560,3320.110107,3323.350098,3232.570068,3236.919922,4364500000,3236.919922,-0.0237214549495082
561,3226.139893,3278.699951,3209.449951,3246.590088,4599470000,3246.590088,0.00298745913801444
562,3236.659912,3306.879883,3228.439941,3298.459961,3792220000,3298.459961,0.0159767237606376
563,3333.899902,3360.73999,3332.909912,3351.600098,3946060000,3351.600098,0.0161105902840456
564,3350.919922,3357.919922,3327.540039,3335.469971,3651880000,3335.469971,-0.00481266455673672
565,3341.209961,3393.560059,3340.469971,3363,4722530000,3363,0.00825371813848059
566,3385.870117,3397.179932,3361.389893,3380.800049,4070530000,3380.800049,0.00529290782039844
567,3338.939941,3369.100098,3323.689941,3348.419922,3961550000,3348.419922,-0.00957765219199448
568,3367.27002,3409.570068,3367.27002,3408.600098,3686920000,3408.600098,0.0179727087408005
569,3408.73999,3431.560059,3354.540039,3360.969971,4443380000,3360.969971,-0.0139735157045694
570,3384.560059,3426.26001,3384.560059,3419.439941,3807830000,3419.439941,0.0173967546584784
571,3434.280029,3447.280029,3428.149902,3446.830078,3856190000,3446.830078,0.00801012372569695
572,3459.669922,3482.340088,3458.070068,3477.139893,3939060000,3477.139893,0.00879353327959443
573,3500.02002,3549.850098,3499.610107,3534.219971,3428970000,3534.219971,0.0164158129257067
574,3534.01001,3534.01001,3500.860107,3511.929932,3605150000,3511.929932,-0.00630691897587038
575,3515.469971,3527.939941,3480.550049,3488.669922,3840630000,3488.669922,-0.00662314181956178
576,3453.719971,3489.080078,3440.889893,3483.340088,3717640000,3483.340088,-0.00152775531052379
577,3493.5,3515.76001,3480.449951,3483.810059,4675890000,3483.810059,0.000134919642678308
578,3493.659912,3502.419922,3419.929932,3426.919922,4086200000,3426.919922,-0.0163298618571443
579,3439.379883,3476.929932,3435.649902,3443.120117,3901260000,3443.120117,0.00472733398174803
580,3439.909912,3464.860107,3433.060059,3435.560059,4097750000,3435.560059,-0.00219569975577475
581,3438.5,3460.530029,3415.340088,3453.48999,4163630000,3453.48999,0.00521892520930606
582,3464.899902,3466.459961,3440.449951,3465.389893,3646570000,3465.389893,0.00344576154396208
583,3441.419922,3441.419922,3364.860107,3400.969971,3988080000,3400.969971,-0.0185895163283435
584,3403.149902,3409.51001,3388.709961,3390.679932,3946990000,3390.679932,-0.00302561889335776
585,3342.47998,3342.47998,3268.889893,3271.030029,5129860000,3271.030029,-0.0352878789504099
586,3277.169922,3341.050049,3259.820068,3310.110107,4903070000,3310.110107,0.0119473308571084
587,3293.590088,3304.929932,3233.939941,3269.959961,4840450000,3269.959961,-0.0121295499853896
588,3296.199951,3330.139893,3279.73999,3310.23999,4310590000,3310.23999,0.0123182025102478
589,3336.25,3389.48999,3336.25,3369.159912,4220070000,3369.159912,0.0177992901354563
590,3406.459961,3486.25,3405.169922,3443.439941,4783040000,3443.439941,0.0220470476142837
591,3485.73999,3529.050049,3485.73999,3510.449951,4841190000,3510.449951,0.0194601942093231
592,3508.340088,3521.580078,3484.340088,3509.439941,4833950000,3509.439941,-0.000287715254197614
593,3583.040039,3645.98999,3547.47998,3550.5,8556610000,3550.5,0.0116998893528008
594,3543.26001,3557.219971,3511.909912,3545.530029,6024230000,3545.530029,-0.00139979467680608
595,3563.219971,3581.159912,3557,3572.659912,4609970000,3572.659912,0.00765185537228461
596,3562.669922,3569.02002,3518.580078,3537.01001,4890120000,3537.01001,-0.00997853220796576
597,3552.570068,3593.659912,3552.570068,3585.149902,4709670000,3585.149902,0.0136103352447114
598,3600.159912,3628.51001,3600.159912,3626.909912,5281980000,3626.909912,0.0116480513065029
599,3610.310059,3623.110107,3588.679932,3609.530029,4799570000,3609.530029,-0.00479192574993301
600,3612.090088,3619.090088,3567.330078,3567.790039,5274450000,3567.790039,-0.0115638295469629
601,3559.409912,3585.219971,3543.840088,3581.870117,4347200000,3581.870117,0.00394644243245502
602,3579.310059,3581.22998,3556.850098,3557.540039,4218970000,3557.540039,-0.0067925628806378
603,3566.820068,3589.810059,3552.77002,3577.590088,5036290000,3577.590088,0.00563593066562812
604,3594.52002,3642.310059,3594.52002,3635.409912,6267570000,3635.409912,0.0161616682117776
605,3635.5,3635.5,3617.76001,3629.649902,4902560000,3629.649902,-0.00158441830204262
606,3638.550049,3644.310059,3629.330078,3638.350098,2778450000,3638.350098,0.00239697938779325
607,3634.179932,3634.179932,3594.389893,3621.629883,6291400000,3621.629883,-0.004595548682682
608,3645.870117,3678.449951,3645.870117,3662.449951,5403660000,3662.449951,0.0112711870949625
609,3653.780029,3670.959961,3644.840088,3669.01001,5029620000,3669.01001,0.00179116686583219
610,3668.280029,3682.72998,3657.169922,3666.719971,5091760000,3666.719971,-0.00062415719601702
611,3670.939941,3699.199951,3670.939941,3699.120117,5086370000,3699.120117,0.00883627499679603
612,3694.72998,3697.409912,3678.879883,3691.959961,4788560000,3691.959961,-0.00193563760395184
613,3683.050049,3708.449951,3678.830078,3702.25,4549670000,3702.25,0.00278714804838047
614,3705.97998,3712.389893,3660.540039,3672.820068,5209940000,3672.820068,-0.00794920170166791
615,3659.129883,3678.48999,3645.179932,3668.100098,4618240000,3668.100098,-0.00128510787694817
616,3656.080078,3665.909912,3633.399902,3663.459961,4367150000,3663.459961,-0.00126499737630657
617,3675.27002,3697.610107,3645.840088,3647.48999,4594920000,3647.48999,-0.00435925905292021
618,3666.409912,3695.290039,3659.620117,3694.620117,4360280000,3694.620117,0.0129212491683904
619,3696.25,3711.27002,3688.570068,3701.169922,4056950000,3701.169922,0.00177279525163158
620,3713.649902,3725.120117,3710.870117,3722.47998,4184930000,3722.47998,0.00575765459276312
621,3722.389893,3726.699951,3685.840088,3709.409912,7068340000,3709.409912,-0.00351111841305322
622,3684.280029,3702.899902,3636.47998,3694.919922,4732160000,3694.919922,-0.00390627898877519
623,3698.080078,3698.26001,3676.159912,3687.26001,4023940000,3687.26001,-0.00207309283061645
624,3693.419922,3711.23999,3689.280029,3690.01001,3772630000,3690.01001,0.000745811250777512
625,3694.030029,3703.820068,3689.320068,3703.060059,1885090000,3703.060059,0.00353658905115001
626,3723.030029,3740.51001,3723.030029,3735.360107,3527460000,3735.360107,0.00872252879655497
627,3750.01001,3756.120117,3723.310059,3727.040039,3387030000,3727.040039,-0.00222738042964273
628,3736.189941,3744.629883,3730.209961,3732.040039,3145200000,3732.040039,0.00134154716549317
629,3733.27002,3760.199951,3726.879883,3756.070068,3172510000,3756.070068,0.00643884544347998
630,3764.610107,3769.98999,3662.709961,3700.649902,5006680000,3700.649902,-0.0147548275183028
631,3698.02002,3737.830078,3695.070068,3726.860107,4582620000,3726.860107,0.00708259513709596
632,3712.199951,3783.040039,3705.340088,3748.139893,6049970000,3748.139893,0.00570984297479564
633,3764.709961,3811.550049,3764.709961,3803.790039,5080870000,3803.790039,0.0148474036691992
634,3815.050049,3826.689941,3783.600098,3824.679932,4764180000,3824.679932,0.0054918627962683
635,3803.139893,3817.860107,3789.02002,3799.610107,4450500000,3799.610107,-0.00655475110224205
636,3801.620117,3810.780029,3776.51001,3801.189941,4977210000,3801.189941,0.000415788450791201
637,3802.22998,3820.959961,3791.5,3809.840088,4590420000,3809.840088,0.00227564187379813
638,3814.97998,3823.600098,3792.860107,3795.540039,5180140000,3795.540039,-0.0037534512393424
639,3788.72998,3788.72998,3749.620117,3768.25,5353060000,3768.25,-0.00719002795902267
640,3781.879883,3804.530029,3780.370117,3798.909912,4982940000,3798.909912,0.00813637948649906
641,3816.219971,3859.75,3816.219971,3851.850098,4551790000,3851.850098,0.0139356255416251
642,3857.459961,3861.449951,3845.050049,3853.070068,4484460000,3853.070068,0.000316723124981823
643,3844.23999,3852.310059,3830.409912,3841.469971,5080430000,3841.469971,-0.0030106114851997
644,3851.679932,3859.22998,3797.159912,3855.360107,6955860000,3855.360107,0.00361583875570011
645,3862.959961,3870.899902,3847.780029,3849.620117,6029090000,3849.620117,-0.0014888336862692
646,3836.830078,3836.830078,3732.47998,3750.77002,9878040000,3750.77002,-0.0256778835302413
647,3755.75,3830.5,3755.75,3787.379883,6937960000,3787.379883,0.00976062589942535
648,3778.050049,3778.050049,3694.120117,3714.23999,6612570000,3714.23999,-0.0193114752835582
649,3731.169922,3784.320068,3725.620117,3773.860107,5392870000,3773.860107,0.0160517675649709
650,3791.840088,3843.090088,3791.840088,3826.310059,5495370000,3826.310059,0.0138982237054077
651,3840.27002,3847.51001,3816.679932,3830.169922,4846900000,3830.169922,0.001008769007342
652,3836.659912,3872.419922,3836.659912,3871.73999,4856670000,3871.73999,0.0108533221362392
653,3878.300049,3894.560059,3874.929932,3886.830078,4838580000,3886.830078,0.00389749519311082
654,3892.590088,3915.77002,3892.590088,3915.590088,4635030000,3915.590088,0.00739934842091133
655,3910.48999,3918.350098,3902.639893,3911.22998,4554610000,3911.22998,-0.00111352513976429
656,3920.780029,3931.5,3884.939941,3909.879883,4815380000,3909.879883,-0.000345184764614635
657,3916.399902,3925.98999,3890.389893,3916.379883,4570080000,3916.379883,0.00166245516345956
658,3911.649902,3937.22998,3905.780029,3934.830078,4119260000,3934.830078,0.00471103303336008
659,3939.610107,3950.429932,3923.850098,3932.590088,5037360000,3932.590088,-0.000569272358805029
660,3918.5,3933.610107,3900.429932,3931.330078,4718280000,3931.330078,-0.000320402068815865
661,3915.860107,3921.97998,3885.030029,3913.969971,4773430000,3913.969971,-0.00441583552018396
662,3921.159912,3930.409912,3903.070068,3906.709961,4823940000,3906.709961,-0.00185489670431607
663,3885.550049,3902.919922,3874.709961,3876.5,5870190000,3876.5,-0.00773283947402821
664,3857.070068,3895.97998,3805.590088,3881.370117,6280650000,3881.370117,0.00125631807042434
665,3873.709961,3928.649902,3859.600098,3925.429932,5942350000,3925.429932,0.0113516139074248
666,3915.800049,3925.02002,3814.040039,3829.340088,6513060000,3829.340088,-0.0244788075865724
667,3839.659912,3861.080078,3789.540039,3811.149902,6512950000,3811.149902,-0.00475021428809689
668,3842.51001,3914.5,3842.51001,3901.820068,5071540000,3901.820068,0.0237907635048462
669,3903.639893,3906.409912,3868.570068,3870.290039,5493690000,3870.290039,-0.00808085161552868
670,3863.98999,3874.469971,3818.860107,3819.719971,6150790000,3819.719971,-0.0130662217793543
671,3818.530029,3843.669922,3723.340088,3768.469971,7142240000,3768.469971,-0.0134172139290574
672,3793.580078,3851.689941,3730.189941,3841.939941,6842570000,3841.939941,0.0194959680096652
673,3844.389893,3881.060059,3819.25,3821.350098,5852240000,3821.350098,-0.00535923083551404
674,3851.929932,3903.76001,3851.929932,3875.439941,5496340000,3875.439941,0.0141546421062832
675,3891.98999,3917.350098,3885.72998,3898.810059,5827250000,3898.810059,0.0060303135529871
676,3915.540039,3960.27002,3915.540039,3939.340088,5300010000,3939.340088,0.0103954869272076
677,3924.52002,3944.98999,3915.209961,3943.340088,4469240000,3943.340088,0.00101539849585081
678,3942.959961,3970.080078,3923.540039,3968.939941,4882190000,3968.939941,0.00649192117055874
679,3973.590088,3981.040039,3953.439941,3962.709961,4604870000,3962.709961,-0.00156968361643446
680,3949.570068,3983.870117,3935.73999,3974.120117,4541620000,3974.120117,0.00287938206739727
681,3953.5,3969.620117,3910.860107,3915.459961,4043170000,3915.459961,-0.0147605392572486
682,3913.139893,3930.120117,3886.75,3913.100098,7725050000,3913.100098,-0.000602703902863414
683,3916.47998,3955.310059,3914.159912,3940.590088,4311380000,3940.590088,0.00702511801679959
684,3937.600098,3949.129883,3901.570068,3910.52002,4645340000,3910.52002,-0.00763085409253052
685,3919.929932,3942.080078,3889.070068,3889.139893,4766990000,3889.139893,-0.00546733602964649
686,3879.340088,3919.540039,3853.5,3909.52002,4940800000,3909.52002,0.00524026585844386
687,3917.120117,3978.189941,3917.120117,3974.540039,5467850000,3974.540039,0.0166312024666394
688,3969.310059,3981.830078,3943.25,3971.090088,4619840000,3971.090088,-0.000868012642003241
689,3963.340088,3968.01001,3944.350098,3958.550049,4103570000,3958.550049,-0.0031578329179421
690,3967.25,3994.409912,3966.97998,3972.889893,4564980000,3972.889893,0.00362249910257484
691,3992.780029,4020.629883,3992.780029,4019.870117,4151240000,4019.870117,0.0118252016203057
692,4034.439941,4083.419922,4034.439941,4077.909912,3999760000,4077.909912,0.0144382264378519
693,4075.570068,4086.22998,4068.139893,4073.939941,4027880000,4073.939941,-0.00097353082477806
694,4074.290039,4083.129883,4068.310059,4079.949951,4112640000,4079.949951,0.00147523284266305
695,4089.949951,4098.189941,4082.540039,4097.169922,3901910000,4097.169922,0.00422063290158237
696,4096.109863,4129.47998,4095.51001,4128.799805,3634910000,4128.799805,0.00771993439426592
697,4124.709961,4131.759766,4114.819824,4127.990234,3578500000,4127.990234,-0.000196079015267193
698,4130.100098,4148,4124.430176,4141.589844,3728440000,4141.589844,0.00329448696074609
699,4141.580078,4151.689941,4120.870117,4124.660156,3976540000,4124.660156,-0.00408772684830839
700,4139.759766,4173.490234,4139.759766,4170.419922,4027680000,4170.419922,0.0110941906167554
701,4174.140137,4191.310059,4170.75,4185.470215,4157430000,4185.470215,0.0036088195628949
702,4179.799805,4180.810059,4150.470215,4163.259766,3788020000,4163.259766,-0.00530656004202389
703,4159.180176,4159.180176,4118.379883,4134.939941,4338230000,4134.939941,-0.00680231995881674
704,4128.419922,4175.02002,4126.350098,4173.419922,3865820000,4173.419922,0.00930605560154626
705,4170.459961,4179.569824,4123.689941,4134.97998,4235040000,4134.97998,-0.00921065761855535
706,4138.779785,4194.169922,4138.779785,4180.169922,3568080000,4180.169922,0.0109286966850079
707,4185.029785,4194.189941,4182.359863,4187.620117,3738920000,4187.620117,0.00178227084999354
708,4188.25,4193.350098,4176.220215,4186.720215,3703240000,4186.720215,-0.000214895805936857
709,4185.140137,4201.529785,4181.779785,4183.180176,3772390000,4183.180176,-0.000845539901930235
710,4206.140137,4218.779785,4176.810059,4211.470215,4288940000,4211.470215,0.00676280671875139
711,4198.100098,4198.100098,4174.850098,4181.169922,4273680000,4181.169922,-0.00719470670647976
712,4191.97998,4209.390137,4188.029785,4192.660156,4061170000,4192.660156,0.00274809065748366
713,4179.040039,4179.040039,4128.589844,4164.660156,4441080000,4164.660156,-0.00667833760862539
714,4177.060059,4187.720215,4160.939941,4167.589844,4029050000,4167.589844,0.000703463881867861
715,4169.140137,4202.700195,4147.330078,4201.620117,4504860000,4201.620117,0.00816545636058525
716,4210.339844,4238.040039,4201.640137,4232.600098,4013060000,4232.600098,0.00737334174373658
717,4228.290039,4236.390137,4188.129883,4188.430176,3678970000,4188.430176,-0.0104356473508734
718,4150.339844,4162.040039,4111.529785,4152.100098,3593110000,4152.100098,-0.008673912772421
719,4130.549805,4134.72998,4056.879883,4063.040039,3735080000,4063.040039,-0.021449400760569
720,4074.98999,4131.580078,4074.98999,4112.5,3687780000,4112.5,0.0121731414224934
721,4129.580078,4183.129883,4129.580078,4173.850098,3251920000,4173.850098,0.0149179569604863
722,4169.919922,4171.919922,4142.689941,4163.290039,3307130000,4163.290039,-0.00253005229034449
723,4165.939941,4169.149902,4125.990234,4127.830078,3559790000,4127.830078,-0.00851729297450479
724,4098.450195,4116.930176,4061.409912,4115.680176,3485550000,4115.680176,-0.0029434113736307
725,4121.970215,4172.799805,4121.970215,4159.120117,3019060000,4159.120117,0.0105547416568747
726,4168.609863,4188.720215,4151.720215,4155.859863,3344620000,4155.859863,-0.000783880702717563
727,4170.160156,4209.52002,4170.160156,4197.049805,2947400000,4197.049805,0.00991129233367992
728,4205.939941,4213.419922,4182.52002,4188.129883,3420870000,4188.129883,-0.00212528380992135
729,4191.589844,4202.609863,4184.109863,4195.990234,3674490000,4195.990234,0.00187681643587658
730,4201.939941,4213.379883,4197.779785,4200.879883,5201110000,4200.879883,0.0011653146759921
731,4210.77002,4218.359863,4203.569824,4204.109863,4199270000,4204.109863,0.000768881779522204
732,4216.52002,4234.120117,4197.589844,4202.040039,4122960000,4202.040039,-0.000492333470686764
733,4206.819824,4217.370117,4198.27002,4208.120117,4860930000,4208.120117,0.0014469348087047
734,4191.430176,4204.390137,4167.930176,4192.850098,4579450000,4192.850098,-0.00362870321555522
735,4206.049805,4233.450195,4206.049805,4229.890137,3487070000,4229.890137,0.00883409569487558
736,4229.339844,4232.339844,4215.660156,4226.52002,3835570000,4226.52002,-0.000796738660070875
737,4233.810059,4236.740234,4208.410156,4227.259766,3943870000,4227.259766,0.000175024842305182
738,4232.990234,4237.089844,4218.740234,4219.549805,3902870000,4219.549805,-0.00182386733410896
739,4228.560059,4249.740234,4220.339844,4239.180176,3502480000,4239.180176,0.00465224298969975
740,4242.899902,4248.379883,4232.25,4247.439941,3204280000,4247.439941,0.00194843452202438
741,4248.310059,4255.589844,4234.069824,4255.149902,3612050000,4255.149902,0.00181520188798368
742,4255.279785,4257.160156,4238.350098,4246.589844,3578450000,4246.589844,-0.00201169364115155
743,4248.870117,4251.890137,4202.450195,4223.700195,3722050000,4223.700195,-0.00539012474499756
744,4220.370117,4232.290039,4196.049805,4221.859863,3952110000,4221.859863,-0.000435715584685497
745,4204.779785,4204.779785,4164.399902,4166.450195,6084980000,4166.450195,-0.0131244687881767
746,4173.399902,4226.240234,4173.399902,4224.790039,3391740000,4224.790039,0.0140022900237741
747,4224.609863,4255.839844,4217.27002,4246.439941,3208760000,4246.439941,0.00512449182092933
748,4249.27002,4256.600098,4241.430176,4241.839844,3172440000,4241.839844,-0.0010832831887212
749,4256.970215,4271.279785,4256.970215,4266.490234,3141680000,4266.490234,0.0058112495772011
750,4274.450195,4286.120117,4271.160156,4280.700195,6248390000,4280.700195,0.00333059733425854
751,4284.899902,4292.140137,4274.669922,4290.609863,3415610000,4290.609863,0.00231496426953099
752,4293.209961,4300.52002,4287.040039,4291.799805,3049560000,4291.799805,0.000277336331662643
753,4290.649902,4302.430176,4287.959961,4297.5,3687880000,4297.5,0.00132815957383649
754,4300.72998,4320.660156,4300.72998,4319.939941,3077580000,4319.939941,0.00522162675974395
755,4326.600098,4355.430176,4326.600098,4352.339844,2628550000,4352.339844,0.00750008181653108
756,4356.459961,4356.459961,4314.370117,4343.540039,3437900000,4343.540039,-0.00202185613150839
757,4351.009766,4361.879883,4329.790039,4358.129883,3243900000,4358.129883,0.00335897536778737
758,4321.069824,4330.879883,4289.370117,4320.819824,3393780000,4320.819824,-0.00856102502716518
759,4329.379883,4371.600098,4329.379883,4369.549805,2738280000,4369.549805,0.011277947932318
760,4372.410156,4386.680176,4364.029785,4384.629883,2983980000,4384.629883,0.0034511743023833
761,4381.069824,4392.370117,4366.919922,4369.209961,3166900000,4369.209961,-0.0035168126869239
762,4380.109863,4393.680176,4362.359863,4374.299805,3213870000,4374.299805,0.00116493463244672
763,4369.02002,4369.02002,4340.700195,4360.029785,3226930000,4360.029785,-0.00326224096109936
764,4367.430176,4375.089844,4322.529785,4327.160156,3165160000,4327.160156,-0.00753885423285011
765,4296.399902,4296.399902,4233.129883,4258.490234,4155790000,4258.490234,-0.0158695124572135
766,4265.109863,4336.839844,4262.049805,4323.060059,3634190000,4323.060059,0.0151626096226479
767,4331.129883,4359.700195,4331.129883,4358.689941,3078550000,4358.689941,0.00824181980211514
768,4361.27002,4369.870117,4350.060059,4367.47998,2907910000,4367.47998,0.0020166699441768
769,4381.200195,4415.180176,4381.200195,4411.790039,3490730000,4411.790039,0.0101454521149288
770,4409.580078,4422.72998,4405.450195,4422.299805,2679110000,4422.299805,0.00238219994766148
771,4416.379883,4416.379883,4372.509766,4401.459961,3381080000,4401.459961,-0.00471244486328988
772,4402.950195,4415.470215,4387.009766,4400.640137,3215130000,4400.640137,-0.00018626183295167
773,4403.589844,4429.970215,4403.589844,4419.149902,2815510000,4419.149902,0.0042061528377138
774,4395.120117,4412.25,4389.649902,4395.259766,2861600000,4395.259766,-0.00540604788925306
775,4406.859863,4422.180176,4384.810059,4387.160156,2919940000,4387.160156,-0.00184280575693287
776,4392.740234,4423.790039,4373,4423.149902,3305340000,4423.149902,0.00820342652656061
777,4415.950195,4416.169922,4400.22998,4402.660156,3382620000,4402.660156,-0.00463238788057701
778,4408.859863,4429.759766,4408.859863,4429.100098,2734220000,4429.100098,0.00600544694869698
779,4429.069824,4440.819824,4429.069824,4436.52002,2839970000,4436.52002,0.00167526626985707
780,4437.77002,4439.390137,4424.740234,4432.350098,2779880000,4432.350098,-0.000939908302273376
781,4435.790039,4445.209961,4430.029785,4436.75,3219840000,4436.75,0.000992679256538302
782,4442.180176,4449.439941,4436.419922,4442.410156,2803060000,4442.410156,0.00127574373133485
783,4446.080078,4461.77002,4435.959961,4460.830078,2543860000,4460.830078,0.00414638031004899
784,4464.839844,4468.370117,4460.819824,4468,2371630000,4468,0.001607306683875
785,4461.649902,4480.259766,4437.660156,4479.709961,2707170000,4479.709961,0.00262085071620402
786,4462.120117,4462.120117,4417.830078,4448.080078,2.884e+09,4448.080078,-0.00706069885670431
787,4440.939941,4454.319824,4397.589844,4400.27002,2965210000,4400.27002,-0.0107484706124034
788,4382.439941,4418.609863,4367.72998,4405.799805,3120840000,4405.799805,0.0012566921972665
789,4410.560059,4444.350098,4406.799805,4441.669922,2867770000,4441.669922,0.00814156761260295
790,4450.290039,4489.879883,4450.290039,4479.529785,2965520000,4479.529785,0.00852379030068765
791,4484.399902,4492.810059,4482.279785,4486.22998,3037770000,4486.22998,0.00149573623160993
792,4490.450195,4501.709961,4485.660156,4496.189941,2554680000,4496.189941,0.00222011823834309
793,4493.75,4495.899902,4468.990234,4470,2704600000,4470,-0.00582491872978452
794,4474.100098,4513.330078,4474.100098,4509.370117,2862360000,4509.370117,0.00880763243847883
795,4513.759766,4537.359863,4513.759766,4528.790039,2557300000,4528.790039,0.00430657087267872
796,4529.75,4531.390137,4515.799805,4522.680176,3090380000,4522.680176,-0.00134911597742114
797,4528.799805,4537.109863,4522.02002,4524.089844,3101830000,4524.089844,0.000311688632656531
798,4534.47998,4545.850098,4524.660156,4536.950195,2897010000,4536.950195,0.00284263828603141
799,4532.419922,4541.450195,4521.299805,4535.430176,2609660000,4535.430176,-0.000335031008644454
800,4535.379883,4535.379883,4513,4520.029785,3098870000,4520.029785,-0.00339557448850032
801,4518.089844,4521.790039,4493.950195,4514.069824,2808480000,4514.069824,-0.00131856675364797
802,4513.02002,4529.899902,4492.069824,4493.279785,3035300000,4493.279785,-0.00460560864377104
803,4506.919922,4520.470215,4457.660156,4458.580078,2851140000,4458.580078,-0.0077225787532391
804,4474.810059,4492.990234,4445.700195,4468.72998,3096390000,4468.72998,0.00227648754142218
805,4479.330078,4485.680176,4435.459961,4443.049805,2568730000,4443.049805,-0.00574663833235241
806,4447.490234,4486.870117,4438.370117,4480.700195,3154760000,4480.700195,0.00847399683830479
807,4477.089844,4485.870117,4443.799805,4473.75,3321030000,4473.75,-0.00155114037929966
808,4469.740234,4471.52002,4427.759766,4432.990234,5622210000,4432.990234,-0.00911087253422747
809,4402.950195,4402.950195,4305.910156,4357.72998,3773680000,4357.72998,-0.0169773110309992
810,4374.450195,4394.870117,4347.959961,4354.189941,3044300000,4354.189941,-0.000812358502304549
811,4367.430176,4416.75,4367.430176,4395.640137,3273670000,4395.640137,0.00951961135404237
812,4406.75,4465.399902,4406.75,4448.97998,2833290000,4448.97998,0.0121347156130947
813,4438.040039,4463.120117,4430.27002,4455.47998,2772090000,4455.47998,0.00146100904684224
814,4442.120117,4457.299805,4436.189941,4443.109863,3032870000,4443.109863,-0.00277638257954879
815,4419.540039,4419.540039,4346.330078,4352.629883,3495970000,4352.629883,-0.0203641104518869
816,4362.410156,4385.569824,4355.080078,4359.459961,2753800000,4359.459961,0.00156918419061453
817,4370.669922,4382.549805,4306.240234,4307.540039,3123770000,4307.540039,-0.0119097141536975
818,4317.160156,4375.189941,4288.52002,4357.040039,3148980000,4357.040039,0.0114914776303487
819,4348.839844,4355.509766,4278.939941,4300.459961,3110560000,4300.459961,-0.0129858981082457
820,4309.870117,4369.22998,4309.870117,4345.720215,2967400000,4345.720215,0.0105245146822565
821,4319.569824,4365.569824,4290.490234,4363.549805,3219590000,4363.549805,0.00410279288999266
822,4383.72998,4429.970215,4383.72998,4399.759766,3096080000,4399.759766,0.00829828067013446
823,4406.509766,4412.02002,4386.220215,4391.339844,2401890000,4391.339844,-0.00191372312303654
824,4385.439941,4415.879883,4360.589844,4361.189941,2.58e+09,4361.189941,-0.00686576399710786
825,4368.310059,4374.890137,4342.089844,4350.649902,2608150000,4350.649902,-0.00241678054443617
826,4358.009766,4372.870117,4329.919922,4363.799805,2926460000,4363.799805,0.00302251463487202
827,4386.75,4439.72998,4386.75,4438.259766,2642920000,4438.259766,0.017063101958684
828,4447.689941,4475.819824,4447.689941,4471.370117,3000560000,4471.370117,0.00746021025034348
829,4463.720215,4488.75,4447.470215,4486.459961,2683540000,4486.459961,0.00337476961315014
830,4497.339844,4520.399902,4496.410156,4519.629883,2531210000,4519.629883,0.00739333957916493
831,4524.419922,4540.870117,4524.399902,4536.189941,2671560000,4536.189941,0.00366402967249343
832,4532.240234,4551.439941,4526.890137,4549.779785,3016950000,4549.779785,0.00299587190500321
833,4546.120117,4559.669922,4524,4544.899902,3062810000,4544.899902,-0.00107255366866061
834,4553.689941,4572.620117,4537.359863,4566.47998,3250210000,4566.47998,0.00474819654234927
835,4578.689941,4598.529785,4569.169922,4574.790039,2866500000,4574.790039,0.00181979534267012
836,4580.220215,4584.569824,4551.660156,4551.680176,3259510000,4551.680176,-0.00505156800705375
837,4562.839844,4597.549805,4562.839844,4596.419922,3197560000,4596.419922,0.009829281555392
838,4572.870117,4608.080078,4567.589844,4605.379883,3632260000,4605.379883,0.00194933473269363
839,4610.620117,4620.339844,4595.060059,4613.669922,2.924e+09,4613.669922,0.00180007712948974
840,4613.339844,4635.149902,4613.339844,4630.649902,3309690000,4630.649902,0.00368036298371327
841,4630.649902,4663.459961,4621.189941,4660.569824,3339440000,4660.569824,0.00646127922283166
842,4662.930176,4683,4662.589844,4680.060059,3332940000,4680.060059,0.00418194249545058
843,4699.259766,4718.5,4681.319824,4697.529785,3491150000,4697.529785,0.00373279953243424
844,4701.47998,4714.919922,4694.390137,4701.700195,3465720000,4701.700195,0.000887787878071034
845,4707.25,4708.529785,4670.870117,4685.25,3110230000,4685.25,-0.00349877582953805
846,4670.259766,4684.850098,4630.859863,4646.709961,3581630000,4646.709961,-0.00822582338189007
847,4659.390137,4664.549805,4648.310059,4649.27002,2623140000,4649.27002,0.00055094013215523
848,4655.240234,4688.470215,4650.77002,4682.850098,2865790000,4682.850098,0.00722265599880128
849,4689.299805,4697.419922,4672.859863,4682.799805,2618980000,4682.799805,-1.07398270172512e-05
850,4679.419922,4714.950195,4679.419922,4700.899902,2838210000,4700.899902,0.00386522972446405
851,4701.5,4701.5,4684.410156,4688.669922,3221250000,4688.669922,-0.0026016252749387
852,4700.720215,4708.799805,4672.779785,4704.540039,3335620000,4704.540039,0.0033847801751911
853,4708.439941,4717.75,4694.220215,4697.959961,3265600000,4697.959961,-0.00139866553275196
854,4712,4743.830078,4682.169922,4682.939941,3206280000,4682.939941,-0.00319713665605673
855,4678.47998,4699.390137,4652.660156,4690.700195,3428780000,4690.700195,0.00165713293310859
856,4675.779785,4702.870117,4659.890137,4701.459961,2464040000,4701.459961,0.00229385071582031
857,4664.629883,4664.629883,4585.430176,4594.620117,2676740000,4594.620117,-0.0227248226904552
858,4628.75,4672.950195,4625.259766,4655.27002,3471380000,4655.27002,0.0132001996804036
859,4640.25,4646.02002,4560,4567,4950190000,4567,-0.0189613104332882
860,4602.819824,4652.939941,4510.27002,4513.040039,4078260000,4513.040039,-0.0118151874315742
861,4504.72998,4595.459961,4504.72998,4577.100098,3771510000,4577.100098,0.0141944362217965
862,4589.490234,4608.029785,4495.120117,4538.430176,3971500000,4538.430176,-0.00844856375697293
863,4548.370117,4612.600098,4540.509766,4591.669922,3305690000,4591.669922,0.0117308725562291
864,4631.970215,4694.040039,4631.970215,4686.75,3334320000,4686.75,0.0207070803466173
865,4690.859863,4705.060059,4674.52002,4701.209961,3061550000,4701.209961,0.00308528532565201
866,4691,4695.259766,4665.97998,4667.450195,2851660000,4667.450195,-0.00718108024956582
867,4687.640137,4713.569824,4670.240234,4712.02002,2858310000,4712.02002,0.0095490735065036
868,4710.299805,4710.299805,4667.600098,4668.970215,3322050000,4668.970215,-0.00913616767697851
869,4642.990234,4660.470215,4606.52002,4634.089844,3292740000,4634.089844,-0.00747067755710671
870,4636.459961,4712.600098,4611.220215,4709.850098,3367580000,4709.850098,0.0163484646500953
871,4719.129883,4731.990234,4651.890137,4668.669922,3592810000,4668.669922,-0.00874341542578747
872,4652.5,4666.700195,4600.220215,4620.640137,5609780000,4620.640137,-0.0102876806033493
873,4587.899902,4587.899902,4531.100098,4568.02002,3395780000,4568.02002,-0.0113880578101381
874,4594.959961,4651.140137,4583.160156,4649.22998,2564370000,4649.22998,0.0177779343445172
875,4650.359863,4697.669922,4645.529785,4696.560059,2439570000,4696.560059,0.0101801974098086
876,4703.959961,4740.740234,4703.959961,4725.790039,2194630000,4725.790039,0.00622369982131641
877,4733.990234,4791.490234,4733.990234,4791.189941,2264120000,4791.189941,0.0138389351749191
878,4795.490234,4807.02002,4780.040039,4786.350098,2217050000,4786.350098,-0.00101015469217436
879,4788.640137,4804.060059,4778.080078,4793.060059,2369370000,4793.060059,0.00140189515238433
880,4794.22998,4808.930176,4775.330078,4778.72998,2390990000,4778.72998,-0.00298975577681162
881,4775.209961,4786.830078,4765.75,4766.180176,2446190000,4766.180176,-0.00262617977004849
882,4778.140137,4796.640137,4758.169922,4796.560059,2775190000,4796.560059,0.00637405257001776
883,4804.509766,4818.620117,4774.27002,4793.540039,3641050000,4793.540039,-0.00062962205473344
884,4787.990234,4797.700195,4699.439941,4700.580078,3733540000,4700.580078,-0.0193927578039785
885,4693.390137,4725.009766,4671.259766,4696.049805,3371250000,4696.049805,-0.000963768923159766
886,4697.660156,4707.950195,4662.740234,4677.029785,3279870000,4677.029785,-0.00405021683964017
887,4655.339844,4673.02002,4582.240234,4670.290039,3621800000,4670.290039,-0.0014410312334582
888,4669.140137,4714.129883,4638.27002,4713.069824,3421600000,4713.069824,0.00915998463537817
889,4728.589844,4748.830078,4706.709961,4726.350098,3060040000,4726.350098,0.00281775456250905
890,4733.560059,4744.129883,4650.290039,4659.029785,3539830000,4659.029785,-0.0142436153911847
891,4637.990234,4665.129883,4614.75,4662.850098,3483530000,4662.850098,0.000819980377094792
892,4632.240234,4632.240234,4568.700195,4577.109863,3324960000,4577.109863,-0.01838794582669
893,4588.029785,4611.549805,4530.200195,4532.759766,3387370000,4532.759766,-0.00968954172555756
894,4547.350098,4602.109863,4477.950195,4482.72998,3473060000,4482.72998,-0.01103737867938
895,4471.379883,4494.52002,4395.339844,4397.939941,3945810000,4397.939941,-0.0189148218559442
896,4356.319824,4417.350098,4222.620117,4410.129883,5172540000,4410.129883,0.00277173907864422
897,4366.640137,4411.009766,4287.109863,4356.450195,3989420000,4356.450195,-0.0121719063665045
898,4408.430176,4453.22998,4304.799805,4349.930176,4046270000,4349.930176,-0.00149663572591365
899,4380.580078,4428.740234,4309.5,4326.509766,4074330000,4326.509766,-0.00538408872151968
900,4336.189941,4432.720215,4292.459961,4431.850098,3936030000,4431.850098,0.0243476468787427
901,4431.790039,4516.890137,4414.02002,4515.549805,4001950000,4515.549805,0.0188859517242633
902,4519.569824,4550.490234,4483.529785,4546.540039,3796450000,4546.540039,0.00686300347428031
903,4566.390137,4595.310059,4544.319824,4589.379883,3777170000,4589.379883,0.00942251550245265
904,4535.410156,4542.879883,4470.390137,4477.439941,3596830000,4477.439941,-0.0243910822058223
905,4482.790039,4539.660156,4451.5,4500.529785,3673700000,4500.529785,0.00515692992072679
906,4505.75,4521.859863,4471.470215,4483.870117,3291600000,4483.870117,-0.00370171264181497
907,4480.02002,4531.319824,4465.399902,4521.540039,3509330000,4521.540039,0.00840120721989237
908,4547,4590.029785,4547,4587.180176,3662810000,4587.180176,0.0145172079499083
909,4553.240234,4588.919922,4484.310059,4504.080078,4490500000,4504.080078,-0.0181157257425329
910,4506.27002,4526.330078,4401.410156,4418.640137,4164960000,4418.640137,-0.0189694542548938
911,4412.609863,4426.220215,4364.839844,4401.669922,3466170000,4401.669922,-0.00384059676141042
912,4429.279785,4472.77002,4429.279785,4471.069824,3363200000,4471.069824,0.0157667210921774
913,4455.75,4489.549805,4429.680176,4475.009766,3478750000,4475.009766,0.000881207888736379
914,4456.060059,4456.060059,4373.810059,4380.259766,3596510000,4380.259766,-0.0211731381504207
915,4384.569824,4394.600098,4327.220215,4348.870117,3871340000,4348.870117,-0.00716616152394642
916,4332.740234,4362.120117,4267.109863,4304.759766,4007780000,4304.759766,-0.0101429451359263
917,4324.930176,4341.509766,4221.509766,4225.5,3814340000,4225.5,-0.0184121229309966
918,4155.77002,4294.72998,4114.649902,4288.700195,5070560000,4288.700195,0.0149568559933736
919,4298.379883,4385.339844,4286.830078,4384.649902,3941780000,4384.649902,0.022372677649947
920,4354.169922,4388.839844,4315.120117,4373.939941,4594010000,4373.939941,-0.00244260345509348
921,4363.140137,4378.450195,4279.540039,4306.259766,4679400000,4306.259766,-0.0154735035032342
922,4322.560059,4401.47998,4322.560059,4386.540039,4409090000,4386.540039,0.0186426916541013
923,4401.310059,4416.779785,4345.560059,4363.490234,4062080000,4363.490234,-0.00525466650140397
924,4342.120117,4342.120117,4284.97998,4328.870117,4558250000,4328.870117,-0.00793404250804598
925,4327.009766,4327.009766,4199.850098,4201.089844,5506330000,4201.089844,-0.0295181582136622
926,4202.660156,4276.939941,4157.870117,4170.700195,6.237e+09,4170.700195,-0.00723375365166309
927,4223.100098,4299.399902,4223.100098,4277.879883,4220180000,4277.879883,0.025698248013245
928,4252.549805,4268.279785,4209.799805,4259.52002,4008690000,4259.52002,-0.00429181358573449
929,4279.5,4291.009766,4200.490234,4204.310059,3877430000,4204.310059,-0.0129615451367217
930,4202.75,4247.569824,4161.720215,4173.109863,4757600000,4173.109863,-0.00742100262876941
931,4188.819824,4271.049805,4187.899902,4262.450195,4331170000,4262.450195,0.0214085741648256
932,4288.140137,4358.899902,4251.990234,4357.859863,5002240000,4357.859863,0.0223837613661546
933,4345.109863,4412.669922,4335.649902,4411.669922,4174170000,4411.669922,0.0123478176654714
934,4407.339844,4465.399902,4390.569824,4463.120117,6681510000,4463.120117,0.0116622947567836
935,4462.399902,4481.75,4424.299805,4461.180176,3961050000,4461.180176,-0.000434660271098535
936,4469.100098,4522,4469.100098,4511.609863,3962880000,4511.609863,0.0113041134880179
937,4493.100098,4501.069824,4455.810059,4456.240234,4014360000,4456.240234,-0.0122726988107038
938,4469.97998,4520.580078,4465.169922,4520.160156,3573430000,4520.160156,0.0143439129498242
939,4522.910156,4546.029785,4501.069824,4543.060059,3577520000,4543.060059,0.00506617071291234
940,4541.089844,4575.649902,4517.689941,4575.52002,3696850000,4575.52002,0.007144955289705
941,4602.859863,4637.299805,4589.660156,4631.600098,4239660000,4631.600098,0.0122565473989555
942,4624.200195,4627.77002,4581.319824,4602.450195,3665390000,4602.450195,-0.0062937003159204
943,4599.02002,4603.069824,4530.410156,4530.410156,3782040000,4530.410156,-0.0156525407006605
944,4540.319824,4548.700195,4507.569824,4545.859863,3828290000,4545.859863,0.00341022257764861
945,4547.970215,4583.5,4539.209961,4582.640137,3833500000,4582.640137,0.008090938812119
946,4572.450195,4593.450195,4514.169922,4525.120117,3906230000,4525.120117,-0.0125517209033252
947,4494.169922,4503.939941,4450.040039,4481.149902,4137080000,4481.149902,-0.00971691664820403
948,4474.649902,4521.160156,4450.299805,4500.209961,4054010000,4500.209961,0.00425338571947631
949,4494.149902,4520.410156,4474.600098,4488.279785,3453040000,4488.279785,-0.00265102653062632
950,4462.640137,4464.350098,4408.379883,4412.529785,3452540000,4412.529785,-0.0168772901041418
951,4437.589844,4471,4381.339844,4397.450195,3451990000,4397.450195,-0.00341744775327321
952,4394.299805,4453.919922,4392.700195,4446.589844,3273140000,4446.589844,0.0111745777259451
953,4449.120117,4460.459961,4390.77002,4392.589844,3634740000,4392.589844,-0.0121441378437152
954,4385.629883,4410.310059,4370.299805,4391.689941,3509340000,4391.689941,-0.000204868433420812
955,4390.629883,4471.029785,4390.629883,4462.209961,3197930000,4462.209961,0.0160576044637483
956,4472.259766,4488.290039,4448.759766,4459.450195,3678040000,4459.450195,-0.000618475155611177
957,4489.169922,4512.939941,4384.470215,4393.660156,3833570000,4393.660156,-0.0147529484853907
958,4385.830078,4385.830078,4267.620117,4271.779785,3930660000,4271.779785,-0.0277400542309946
959,4255.339844,4299.02002,4200.819824,4296.120117,4061070000,4296.120117,0.00569793697827536
960,4278.140137,4278.140137,4175.040039,4175.200195,3760420000,4175.200195,-0.0281463084613283
961,4186.52002,4240.709961,4162.899902,4183.959961,3876340000,4183.959961,0.00209804694167467
962,4222.580078,4308.450195,4188.629883,4287.5,3969440000,4287.5,0.0247469000576319
963,4253.75,4269.680176,4124.279785,4131.930176,3943480000,4131.930176,-0.0362845070553936
964,4130.609863,4169.810059,4062.51001,4155.379883,4474060000,4155.379883,0.00567524280449016
965,4159.779785,4200.100098,4147.080078,4175.47998,3877530000,4175.47998,0.0048371262233404
966,4181.180176,4307.660156,4148.910156,4300.169922,4236210000,4300.169922,0.029862421229954
967,4270.430176,4270.430176,4106.009766,4146.870117,4197620000,4146.870117,-0.0356497086814421
968,4128.169922,4157.689941,4067.909912,4123.339844,4254300000,4123.339844,-0.00567422473723941
969,4081.27002,4081.27002,3975.47998,3991.23999,4746120000,3991.23999,-0.0320371007478859
970,4035.179932,4068.820068,3958.169922,4001.050049,4630150000,4001.050049,0.00245789755178313
971,3990.080078,4049.090088,3928.820068,3935.179932,4683220000,3935.179932,-0.0164632074563684
972,3903.949951,3964.800049,3858.870117,3930.080078,4964130000,3930.080078,-0.00129596462884179
973,3963.899902,4038.879883,3963.899902,4023.889893,4142950000,4023.889893,0.0238696955629819
974,4013.02002,4046.459961,3983.98999,4008.01001,3824320000,4008.01001,-0.00394640097573864
975,4052,4090.719971,4033.929932,4088.850098,3846580000,4088.850098,0.0201696322609733
976,4051.97998,4051.97998,3911.909912,3923.679932,4428960000,3923.679932,-0.0403952607802351
977,3899,3945.959961,3876.580078,3900.790039,4212140000,3900.790039,-0.00583378190797853
978,3927.76001,3943.419922,3810.320068,3901.360107,4278520000,3901.360107,0.000146141677532107
979,3919.419922,3981.879883,3909.040039,3973.75,3392770000,3973.75,0.0185550400410654
980,3942.939941,3955.679932,3875.129883,3941.47998,3901640000,3941.47998,-0.00812079773513682
981,3929.590088,3999.330078,3925.030029,3978.72998,4322190000,3978.72998,0.00945076473533173
982,3984.600098,4075.139893,3984.600098,4057.840088,3961940000,4057.840088,0.0198832563148706
983,4077.429932,4158.490234,4077.429932,4158.240234,3560560000,4158.240234,0.024742262835075
984,4151.089844,4168.339844,4104.879883,4132.149902,5192220000,4132.149902,-0.0062743686107097
985,4149.779785,4166.540039,4073.850098,4101.22998,4145710000,4101.22998,-0.00748276871200498
986,4095.409912,4177.509766,4074.370117,4176.819824,3604930000,4176.819824,0.0184310181015501
987,4137.569824,4142.669922,4098.669922,4108.540039,3107080000,4108.540039,-0.0163473139558628
988,4134.720215,4168.779785,4109.180176,4121.430176,3852050000,4121.430176,0.00313740084741557
989,4096.470215,4164.859863,4080.189941,4160.680176,3476470000,4160.680176,0.00952339317272956
990,4147.120117,4160.140137,4107.200195,4115.77002,3090180000,4115.77002,-0.0107939457252818
991,4101.649902,4119.100098,4017.169922,4017.820068,3192330000,4017.820068,-0.0237986941748509
992,3974.389893,3974.389893,3900.159912,3900.860107,3936120000,3900.860107,-0.0291103033536842
993,3838.149902,3838.149902,3734.300049,3749.629883,4572820000,3749.629883,-0.0387684305132145
994,3763.52002,3778.179932,3705.679932,3735.47998,4126400000,3735.47998,-0.00377367992082433
995,3764.050049,3837.560059,3722.300049,3789.98999,4474610000,3789.98999,0.0145925049235574
996,3728.179932,3728.179932,3639.77002,3666.77002,4511200000,3666.77002,-0.0325119513046524
997,3665.899902,3707.709961,3636.870117,3674.840088,6954110000,3674.840088,0.00220086559996473
998,3715.310059,3779.649902,3715.310059,3764.790039,4124600000,3764.790039,0.0244772422325877
999,3733.889893,3801.790039,3717.689941,3759.889893,4342270000,3759.889893,-0.00130157218576299
1000,3774.709961,3802.580078,3743.52002,3795.72998,4078100000,3795.72998,0.00953221717123301
1001,3821.75,3913.649902,3821.75,3911.73999,6742870000,3911.73999,0.0305632936513571
1002,3920.76001,3927.719971,3889.659912,3900.110107,3385120000,3900.110107,-0.00297307158188703
1003,3913,3945.860107,3820.139893,3821.550049,3590980000,3821.550049,-0.0201430359258316
1004,3825.090088,3836.5,3799.02002,3818.830078,3458850000,3818.830078,-0.000711745486811492
1005,3785.98999,3818.98999,3738.669922,3785.379883,4032260000,3785.379883,-0.00875927818645402
1006,3781,3829.820068,3752.100098,3825.330078,3268240000,3825.330078,0.0105538139459701
